LATITUDE,LONGITUDE,UTM_X,UTM_Y,UTM_ZONE,DATE,TIME,SATELLITE,CONFIDENCE,ORG,TUMBOON,AUMPER,PROVINCE,NAME,ZONE 
12.928,101.54,775602,1430541,47P,17/02/2019,1045,T,38,NASA,พลงตาเอี่ยม,วังจันทร์,ระยอง,เกษตรกรรม,AGI
13.612,101.907,814570,1506695,47P,17/02/2019,1045,T,75,NASA,วังท่าช้าง,กบินทร์บุรี,ปราจีนบุรี,เกษตรกรรม,AGI
13.761,101.322,751073,1522505,47P,17/02/2019,1045,T,59,NASA,พนมสารคาม,พนมสารคาม,ฉะเชิงเทรา,เกษตรกรรม,AGI
14.145,101.6,780684,1565320,47P,17/02/2019,1045,T,66,NASA,คำโตนด,ประจันตคาม,ปราจีนบุรี,เกษตรกรรม,AGI
14.281,99.719,577552,1578924,47P,17/02/2019,1045,T,70,NASA,ดอนแสลบ,ห้วยกระเจา,กาญจนบุรี,เกษตรกรรม,AGI
16.089,99.55,558820,1778858,47Q,17/02/2019,1045,T,58,NASA,วังหามแห,ขาณุวรลักษบุรี,กำแพงเพชร,เกษตรกรรม,AGI
14.461,102.712,253360,1599942,48P,17/02/2019,1045,T,71,NASA,ปะคำ,ปะคำ,บุรีรัมย์,เกษตรกรรม,AGI
14.462,102.703,252390,1600062,48P,17/02/2019,1045,T,69,NASA,ปะคำ,ปะคำ,บุรีรัมย์,เกษตรกรรม,AGI
14.687,102.237,202428,1625527,48P,17/02/2019,1045,T,74,NASA,ท่าเยี่ยม,โชคชัย,นครราชสีมา,เกษตรกรรม,AGI
14.718,103.886,380075,1627432,48P,17/02/2019,1045,T,53,NASA,ขอนแตก,สังขะ,สุรินทร์,เกษตรกรรม,AGI
15.06,103.33,320491,1665642,48P,17/02/2019,1045,T,72,NASA,ห้วยสำราญ,กระสัง,บุรีรัมย์,เกษตรกรรม,AGI
15.061,103.321,319524,1665760,48P,17/02/2019,1045,T,94,NASA,ห้วยสำราญ,กระสัง,บุรีรัมย์,เกษตรกรรม,AGI
15.162,104.415,437155,1676328,48P,17/02/2019,1045,T,0,NASA,ลิ้นฟ้า,ยางชุมน้อย,ศรีสะเกษ,เกษตรกรรม,AGI
15.163,104.406,436188,1676441,48P,17/02/2019,1045,T,0,NASA,ลิ้นฟ้า,ยางชุมน้อย,ศรีสะเกษ,เกษตรกรรม,AGI
15.185,102.742,257404,1680041,48P,17/02/2019,1045,T,83,NASA,สาหร่าย,ชุมพวง,นครราชสีมา,เกษตรกรรม,AGI
15.186,102.733,256437,1680161,48P,17/02/2019,1045,T,66,NASA,สาหร่าย,ชุมพวง,นครราชสีมา,เกษตรกรรม,AGI
15.273,105.282,530278,1688541,48P,17/02/2019,1045,T,64,NASA,ทรายมูล,พิบูลมังสาหาร,อุบลราชธานี,เกษตรกรรม,AGI
15.44,103.622,352150,1707466,48P,17/02/2019,1045,T,29,NASA,ทุ่งกุลา,ท่าตูม,สุรินทร์,เกษตรกรรม,AGI
15.493,104.245,419019,1712998,48P,17/02/2019,1045,T,43,NASA,ฟ้าหยาด,มหาชนะชัย,ยโสธร,เกษตรกรรม,AGI
15.499,104.252,419772,1713659,48P,17/02/2019,1045,T,84,NASA,ฟ้าหยาด,มหาชนะชัย,ยโสธร,เกษตรกรรม,AGI
15.501,104.242,418700,1713884,48P,17/02/2019,1045,T,75,NASA,ฟ้าหยาด,มหาชนะชัย,ยโสธร,เกษตรกรรม,AGI
15.528,103.652,355430,1717182,48P,17/02/2019,1045,T,72,NASA,ดงครั่งน้อย,เกษตรวิสัย,ร้อยเอ็ด,เกษตรกรรม,AGI
15.544,103.79,370242,1718863,48P,17/02/2019,1045,T,38,NASA,สระคู,สุวรรณภูมิ,ร้อยเอ็ด,เกษตรกรรม,AGI
15.549,102.832,267481,1720229,48P,17/02/2019,1045,T,75,NASA,หนองเยือง,บ้านใหม่ไชยพจน์,บุรีรัมย์,เกษตรกรรม,AGI
15.558,102.834,267706,1721223,48P,17/02/2019,1045,T,76,NASA,หนองเยือง,บ้านใหม่ไชยพจน์,บุรีรัมย์,เกษตรกรรม,AGI
15.662,103.497,338908,1732119,48P,17/02/2019,1045,T,88,NASA,น้ำอ้อม,เกษตรวิสัย,ร้อยเอ็ด,เกษตรกรรม,AGI
15.665,103.661,356491,1732333,48P,17/02/2019,1045,T,68,NASA,เกษตรวิสัย,เกษตรวิสัย,ร้อยเอ็ด,เกษตรกรรม,AGI
15.671,103.498,339022,1733114,48P,17/02/2019,1045,T,73,NASA,น้ำอ้อม,เกษตรวิสัย,ร้อยเอ็ด,เกษตรกรรม,AGI
15.734,103.629,353110,1739989,48P,17/02/2019,1045,T,69,NASA,หนองแวง,เกษตรวิสัย,ร้อยเอ็ด,เกษตรกรรม,AGI
15.99,102.969,282650,1768891,48P,17/02/2019,1045,T,75,NASA,เลิงแฝก,กุดรัง,มหาสารคาม,เกษตรกรรม,AGI
15.992,102.96,281689,1769122,48P,17/02/2019,1045,T,65,NASA,เลิงแฝก,กุดรัง,มหาสารคาม,เกษตรกรรม,AGI
16.083,102.839,268840,1779324,48Q,17/02/2019,1045,T,58,NASA,ภูเหล็ก,บ้านไผ่,ขอนแก่น,เกษตรกรรม,AGI
16.256,103.837,375721,1797606,48Q,17/02/2019,1045,T,59,NASA,อุ่มเม่า,โพนทอง,ร้อยเอ็ด,เกษตรกรรม,AGI
16.302,103.412,330337,1803002,48Q,17/02/2019,1045,T,72,NASA,หนองตอกแป้น,ยางตลาด,กาฬสินธุ์,เกษตรกรรม,AGI
16.419,104.821,480889,1815292,48Q,17/02/2019,1045,T,64,NASA,บ้านแก้ง,ดอนตาล,มุกดาหาร,เกษตรกรรม,AGI
16.486,103.416,330923,1823359,48Q,17/02/2019,1045,T,54,NASA,บัวบาน,ยางตลาด,กาฬสินธุ์,เกษตรกรรม,AGI
16.493,104.039,397433,1823714,48Q,17/02/2019,1045,T,64,NASA,บัวขาว,กุฉินารายณ์,กาฬสินธุ์,เกษตรกรรม,AGI
16.496,103.836,375766,1824160,48Q,17/02/2019,1045,T,71,NASA,หนองบัว,นามน,กาฬสินธุ์,เกษตรกรรม,AGI
14.899,98.952,494837,1647156,47P,17/02/2019,1350,A,70,NASA,ชะแล,ทองผาภูมิ,กาญจนบุรี,เกษตรกรรม,AGI
15.217,100.767,689799,1683096,47P,17/02/2019,1350,A,67,NASA,สระโบสถ์,สระโบสถ์,ลพบุรี,เกษตรกรรม,AGI
15.227,100.765,689575,1684201,47P,17/02/2019,1350,A,79,NASA,สระโบสถ์,สระโบสถ์,ลพบุรี,เกษตรกรรม,AGI
15.258,100.706,683209,1687580,47P,17/02/2019,1350,A,90,NASA,ยางโทน,หนองม่วง,ลพบุรี,เกษตรกรรม,AGI
15.259,100.717,684390,1687700,47P,17/02/2019,1350,A,78,NASA,ยางโทน,หนองม่วง,ลพบุรี,เกษตรกรรม,AGI
15.314,101.366,754050,1694442,47P,17/02/2019,1350,A,35,NASA,ลำสนธิ,ลำสนธิ,ลพบุรี,เกษตรกรรม,AGI
15.367,100.684,680753,1699623,47P,17/02/2019,1350,A,13,NASA,ดงดินแดง,หนองม่วง,ลพบุรี,เกษตรกรรม,AGI
15.368,100.695,681933,1699742,47P,17/02/2019,1350,A,83,NASA,ดงดินแดง,หนองม่วง,ลพบุรี,เกษตรกรรม,AGI
15.37,100.706,683112,1699973,47P,17/02/2019,1350,A,58,NASA,ดงดินแดง,หนองม่วง,ลพบุรี,เกษตรกรรม,AGI
15.378,100.693,681709,1700847,47P,17/02/2019,1350,A,76,NASA,ดงดินแดง,หนองม่วง,ลพบุรี,เกษตรกรรม,AGI
15.38,100.704,682889,1701078,47P,17/02/2019,1350,A,100,NASA,ดงดินแดง,หนองม่วง,ลพบุรี,เกษตรกรรม,AGI
15.428,101.146,730292,1706813,47P,17/02/2019,1350,A,79,NASA,ศรีเทพ,ศรีเทพ,เพชรบูรณ์,เกษตรกรรม,AGI
15.438,101.144,730067,1707918,47P,17/02/2019,1350,A,47,NASA,ศรีเทพ,ศรีเทพ,เพชรบูรณ์,เกษตรกรรม,AGI
16.595,99.035,503733,1834753,47Q,17/02/2019,1350,A,20,NASA,แม่ท้อ,เมืองตาก,ตาก,เกษตรกรรม,AGI
16.597,98.784,476960,1834986,47Q,17/02/2019,1350,A,76,NASA,ช่องแคบ,พบพระ,ตาก,เกษตรกรรม,AGI
16.6,98.682,466080,1835333,47Q,17/02/2019,1350,A,83,NASA,แม่กุ,แม่สอด,ตาก,เกษตรกรรม,AGI
16.632,98.582,455420,1838892,47Q,17/02/2019,1350,A,66,NASA,แม่กุ,แม่สอด,ตาก,เกษตรกรรม,AGI
16.641,98.58,455209,1839888,47Q,17/02/2019,1350,A,60,NASA,แม่กุ,แม่สอด,ตาก,เกษตรกรรม,AGI
13.779,101.626,783941,1524836,47P,17/02/2019,1350,A,75,NASA,ศรีมหาโพธิ,ศรีมหาโพธิ,ปราจีนบุรี,เกษตรกรรม,AGI
13.789,101.625,783821,1525941,47P,17/02/2019,1350,A,73,NASA,ศรีมหาโพธิ,ศรีมหาโพธิ,ปราจีนบุรี,เกษตรกรรม,AGI
13.868,101.527,773127,1534572,47P,17/02/2019,1350,A,50,NASA,หัวหว้า,ศรีมหาโพธิ,ปราจีนบุรี,เกษตรกรรม,AGI
14.016,101.414,760740,1550827,47P,17/02/2019,1350,A,62,NASA,ท่างาม,เมืองปราจีนบุรี,ปราจีนบุรี,เกษตรกรรม,AGI
14.86,103.327,320001,1643516,48P,17/02/2019,1350,A,86,NASA,บ้านปรือ,กระสัง,บุรีรัมย์,เกษตรกรรม,AGI
14.959,103.292,316319,1654498,48P,17/02/2019,1350,A,76,NASA,กันทรารมย์,กระสัง,บุรีรัมย์,เกษตรกรรม,AGI
15.365,103.162,302711,1699536,48P,17/02/2019,1350,A,51,NASA,เมืองบัว,ชุมพลบุรี,สุรินทร์,เกษตรกรรม,AGI
15.367,103.177,304324,1699744,48P,17/02/2019,1350,A,86,NASA,เมืองบัว,ชุมพลบุรี,สุรินทร์,เกษตรกรรม,AGI
15.513,103.997,392427,1715319,48P,17/02/2019,1350,A,55,NASA,โพนทราย,โพนทราย,ร้อยเอ็ด,เกษตรกรรม,AGI
15.518,103.989,391571,1715876,48P,17/02/2019,1350,A,69,NASA,โพนทราย,โพนทราย,ร้อยเอ็ด,เกษตรกรรม,AGI
16.751,98.835,482414,1852017,47Q,17/02/2019,1350,A,59,NASA,ด่านแม่ละเมา,แม่สอด,ตาก,เกษตรกรรม,AGI
18.032,98.257,421356,1993884,47Q,17/02/2019,1350,A,93,NASA,อมก๋อย,อมก๋อย,เชียงใหม่,เกษตรกรรม,AGI
17.152,99.28,529780,1896392,47Q,17/02/2019,1350,A,78,NASA,โป่งแดง,เมืองตาก,ตาก,เกษตรกรรม,AGI
18.445,98.382,434742,2039531,47Q,17/02/2019,1350,A,76,NASA,กองแขก,แม่แจ่ม,เชียงใหม่,เกษตรกรรม,AGI
18.757,99.107,511278,2073944,47Q,17/02/2019,1350,A,50,NASA,แม่ปูคา,สันกำแพง,เชียงใหม่,เกษตรกรรม,AGI
19.106,99.184,519354,2112566,47Q,17/02/2019,1350,A,69,NASA,โหล่งขอด,พร้าว,เชียงใหม่,เกษตรกรรม,AGI
19.07,99.969,601948,2108855,47Q,17/02/2019,1350,A,84,NASA,จำป่าหวาย,เมืองพะเยา,พะเยา,เกษตรกรรม,AGI
19.071,99.98,603105,2108972,47Q,17/02/2019,1350,A,75,NASA,จำป่าหวาย,เมืองพะเยา,พะเยา,เกษตรกรรม,AGI
19.263,101.184,729546,2131372,47Q,17/02/2019,1350,A,46,NASA,บ่อเกลือเหนือ,บ่อเกลือ,น่าน,เกษตรกรรม,AGI
13.369,99.306,533133,1477963,47P,17/02/2019,1045,T,44,NASA,ตะนาวศรี,สวนผึ้ง,ราชบุรี,เขตห้ามล่าสัตว์ป่าแม่น้ำภาชี,DNP
14.444,104.692,466804,1596854,48P,17/02/2019,1045,T,55,NASA,เสาธงชัย,กันทรลักษ์,ศรีสะเกษ,อุทยานแห่งชาติเขาพระวิหาร,DNP
17.813,98.659,463863,1969530,47Q,17/02/2019,1045,T,32,NASA,บ้านนา,สามเงา,ตาก,เขตห้ามล่าสัตว์ป่าอมก๋อย,DNP
19.749,98.996,499581,2183706,47Q,17/02/2019,1045,T,52,NASA,แม่นะ,เชียงดาว,เชียงใหม่,อุทยานแห่งชาติผาแดง,DNP
16.421,104.811,479821,1815514,48Q,17/02/2019,1045,T,83,NASA,บ้านแก้ง,ดอนตาล,มุกดาหาร,อุทยานแห่งชาติภูผาเทิบ,DNP
14.905,99.523,556252,1647885,47P,17/02/2019,1350,A,35,NASA,ห้วยขมิ้น,ด่านช้าง,สุพรรณบุรี,อุทยานแห่งชาติพุเตย,DNP
14.943,98.936,493118,1652023,47P,17/02/2019,1350,A,93,NASA,ชะแล,ทองผาภูมิ,กาญจนบุรี,อุทยานแห่งชาติลำคลองงู,DNP
15.21,99.336,536087,1681581,47P,17/02/2019,1350,A,0,NASA,คอกควาย,บ้านไร่,อุทัยธานี,เขตห้ามล่าสัตว์ป่าห้วยขาแข้ง,DNP
15.218,99.326,535012,1682464,47P,17/02/2019,1350,A,42,NASA,คอกควาย,บ้านไร่,อุทัยธานี,เขตห้ามล่าสัตว์ป่าห้วยขาแข้ง,DNP
16.017,98.785,476999,1770828,47Q,17/02/2019,1350,A,79,NASA,หนองหลวง,อุ้มผาง,ตาก,เขตห้ามล่าสัตว์ป่าอุ้มผาง,DNP
16.311,99.185,519763,1803346,47Q,17/02/2019,1350,A,55,NASA,สักงาม,คลองลาน,กำแพงเพชร,อุทยานแห่งชาติคลองลาน,DNP
16.591,99.006,500640,1834310,47Q,17/02/2019,1350,A,77,NASA,แม่ท้อ,เมืองตาก,ตาก,อุทยานแห่งชาติน้ำตกพาเจริญ,DNP
16.626,98.992,499147,1838182,47Q,17/02/2019,1350,A,74,NASA,แม่ท้อ,เมืองตาก,ตาก,อุทยานแห่งชาติน้ำตกพาเจริญ,DNP
14.424,105.234,525223,1594632,48P,17/02/2019,1350,A,76,NASA,นาจะหลวย,นาจะหลวย,อุบลราชธานี,อุทยานแห่งชาติภูจอง-นายอย,DNP
14.44,104.596,456456,1596427,48P,17/02/2019,1350,A,54,NASA,ละลาย,กันทรลักษ์,ศรีสะเกษ,เขตห้ามล่าสัตว์ป่าพนมดงรัก,DNP
17.323,98.779,476517,1915301,47Q,17/02/2019,1350,A,56,NASA,บ้านนา,สามเงา,ตาก,เขตห้ามล่าสัตว์ป่าแม่ตื่น,DNP
17.327,98.808,479599,1915740,47Q,17/02/2019,1350,A,64,NASA,บ้านนา,สามเงา,ตาก,เขตห้ามล่าสัตว์ป่าแม่ตื่น,DNP
17.419,98.607,458262,1925951,47Q,17/02/2019,1350,A,64,NASA,บ้านนา,สามเงา,ตาก,เขตห้ามล่าสัตว์ป่าอมก๋อย,DNP
17.695,98.614,459067,1956484,47Q,17/02/2019,1350,A,52,NASA,บ้านนา,สามเงา,ตาก,เขตห้ามล่าสัตว์ป่าอมก๋อย,DNP
17.716,98.698,467979,1958791,47Q,17/02/2019,1350,A,51,NASA,บ้านนา,สามเงา,ตาก,เขตห้ามล่าสัตว์ป่าอมก๋อย,DNP
17.749,98.801,478904,1962427,47Q,17/02/2019,1350,A,94,NASA,แม่ลาน,ลี้,ลำพูน,อุทยานแห่งชาติแม่ปิง,DNP
17.75,98.811,479964,1962537,47Q,17/02/2019,1350,A,83,NASA,แม่ลาน,ลี้,ลำพูน,อุทยานแห่งชาติแม่ปิง,DNP
17.774,98.787,477423,1965195,47Q,17/02/2019,1350,A,69,NASA,แม่ลาน,ลี้,ลำพูน,อุทยานแห่งชาติแม่ปิง,DNP
18.207,98.456,442478,2013173,47Q,17/02/2019,1350,A,55,NASA,หางดง,ฮอด,เชียงใหม่,อุทยานแห่งชาติออบหลวง,DNP
18.209,98.465,443430,2013391,47Q,17/02/2019,1350,A,81,NASA,หางดง,ฮอด,เชียงใหม่,อุทยานแห่งชาติออบหลวง,DNP
18.221,98.293,425247,2014781,47Q,17/02/2019,1350,A,71,NASA,บ่อสลี,ฮอด,เชียงใหม่,อุทยานแห่งชาติแม่โถ,DNP
18.281,98.595,457194,2021322,47Q,17/02/2019,1350,A,51,NASA,บ้านแปะ,จอมทอง,เชียงใหม่,อุทยานแห่งชาติออบหลวง,DNP
18.293,98.417,438384,2022701,47Q,17/02/2019,1350,A,92,NASA,กองแขก,แม่แจ่ม,เชียงใหม่,อุทยานแห่งชาติออบหลวง,DNP
16.839,99.614,565413,1861846,47Q,17/02/2019,1350,A,68,NASA,บ้านน้ำพุ,คีรีมาศ,สุโขทัย,อุทยานแห่งชาติรามคำแหง,DNP
18.441,98.617,459556,2039020,47Q,17/02/2019,1350,A,60,NASA,บ้านหลวง,จอมทอง,เชียงใหม่,อุทยานแห่งชาติดอยอินทนนท์,DNP
18.536,98.704,468761,2049514,47Q,17/02/2019,1350,A,62,NASA,ดอยหล่อ,ดอยหล่อ,เชียงใหม่,อุทยานแห่งชาติแม่วาง,DNP
18.541,97.359,326798,2050830,47Q,17/02/2019,1350,A,74,NASA,แม่คง,แม่สะเรียง,แม่ฮ่องสอน,เขตห้ามล่าสัตว์ป่าสาละวิน,DNP
18.564,98.709,469293,2052611,47Q,17/02/2019,1350,A,54,NASA,สันติสุข,ดอยหล่อ,เชียงใหม่,อุทยานแห่งชาติแม่วาง,DNP
18.621,98.725,470991,2058915,47Q,17/02/2019,1350,A,58,NASA,ทุ่งปี้,แม่วาง,เชียงใหม่,อุทยานแห่งชาติออบขาน,DNP
18.622,98.735,472046,2059024,47Q,17/02/2019,1350,A,57,NASA,ทุ่งปี้,แม่วาง,เชียงใหม่,อุทยานแห่งชาติออบขาน,DNP
18.68,98.686,466889,2065450,47Q,17/02/2019,1350,A,65,NASA,แม่วิน,แม่วาง,เชียงใหม่,อุทยานแห่งชาติออบขาน,DNP
19.098,98.046,399647,2111944,47Q,17/02/2019,1350,A,66,NASA,ห้วยปูลิง,เมืองแม่ฮ่องสอน,แม่ฮ่องสอน,อุทยานแห่งชาติน้ำตกแม่สุรินทร์,DNP
19.107,98.044,399442,2112941,47Q,17/02/2019,1350,A,59,NASA,ห้วยปูลิง,เมืองแม่ฮ่องสอน,แม่ฮ่องสอน,อุทยานแห่งชาติน้ำตกแม่สุรินทร์,DNP
19.393,98.585,456425,2144365,47Q,17/02/2019,1350,A,72,NASA,เมืองคอง,เชียงดาว,เชียงใหม่,อุทยานแห่งชาติห้วยน้ำดัง,DNP
19.427,98.426,439742,2148176,47Q,17/02/2019,1350,A,82,NASA,แม่นาเติง,ปาย,แม่ฮ่องสอน,อุทยานแห่งชาติห้วยน้ำดัง,DNP
19.428,98.436,440792,2148283,47Q,17/02/2019,1350,A,70,NASA,แม่นาเติง,ปาย,แม่ฮ่องสอน,อุทยานแห่งชาติห้วยน้ำดัง,DNP
19.45,98.393,436286,2150733,47Q,17/02/2019,1350,A,25,NASA,แม่นาเติง,ปาย,แม่ฮ่องสอน,อุทยานแห่งชาติห้วยน้ำดัง,DNP
19.507,98.813,480379,2156938,47Q,17/02/2019,1350,A,71,NASA,เมืองงาย,เชียงดาว,เชียงใหม่,อุทยานแห่งชาติผาแดง,DNP
19.509,98.823,481428,2157158,47Q,17/02/2019,1350,A,80,NASA,เมืองงาย,เชียงดาว,เชียงใหม่,เขตห้ามล่าสัตว์ป่าเชียงดาว,DNP
19.676,98.837,482915,2175636,47Q,17/02/2019,1350,A,77,NASA,แม่นะ,เชียงดาว,เชียงใหม่,อุทยานแห่งชาติผาแดง,DNP
18.398,100.869,697437,2035236,47Q,17/02/2019,1350,A,66,NASA,น้ำมวบ,เวียงสา,น่าน,อุทยานแห่งชาติศรีน่าน,DNP
18.42,100.878,698363,2037681,47Q,17/02/2019,1350,A,76,NASA,น้ำมวบ,เวียงสา,น่าน,อุทยานแห่งชาติศรีน่าน,DNP
18.703,99.388,540909,2068010,47Q,17/02/2019,1350,A,41,NASA,บ้านขอ,เมืองปาน,ลำปาง,อุทยานแห่งชาติแจ้ซ้อน,DNP
18.898,99.687,572352,2089682,47Q,17/02/2019,1350,A,64,NASA,ทุ่งผึ้ง,แจ้ห่ม,ลำปาง,อุทยานแห่งชาติถ้ำผาไท,DNP
16.341,104.75,473298,1806672,48Q,17/02/2019,120,A,88,NASA,เหล่าหมี,ดอนตาล,มุกดาหาร,ป่าดงบังอี่แปลงที่สาม,RFD_B
13.709,102.56,236103,1516876,48P,17/02/2019,1045,T,72,NASA,ป่าไร่,อรัญประเทศ,สระแก้ว,ป่าเขาฉกรรจ์ฝั่งเหนือ,RFD_B
14.71,105.152,516363,1626257,48P,17/02/2019,1045,T,30,NASA,โนนสวรรค์,นาจะหลวย,อุบลราชธานี,ป่าฝั่งซ้ายลำโดมใหญ่,RFD_B
15.64,105.357,538264,1729147,48P,17/02/2019,1045,T,58,NASA,นาเลิน,ศรีเมืองใหม่,อุบลราชธานี,ป่าดงภูโหล่น,RFD_A
17.177,99.002,500213,1899136,47Q,17/02/2019,1045,T,58,NASA,ย่านรี,สามเงา,ตาก,ป่าแม่ตื่น,RFD_A
18.139,98.886,487941,2005568,47Q,17/02/2019,1045,T,74,NASA,ศรีวิชัย,ลี้,ลำพูน,ป่าแม่ตืนและป่าแม่แนต,RFD_B
18.192,98.841,483186,2011435,47Q,17/02/2019,1045,T,62,NASA,ป่าพลู,บ้านโฮ่ง,ลำพูน,ป่าบ้านโฮ่ง,RFD_A
18.474,99.224,523649,2042643,47Q,17/02/2019,1045,T,47,NASA,ทาปลาดุก,แม่ทา,ลำพูน,ป่าแม่ทา,RFD_A
16.031,98.821,480851,1772373,47Q,17/02/2019,1350,A,86,NASA,แม่กลอง,อุ้มผาง,ตาก,ป่าแม่กลองและป่าอุ้มผาง,RFD_B
16.035,98.849,483847,1772813,47Q,17/02/2019,1350,A,69,NASA,อุ้มผาง,อุ้มผาง,ตาก,ป่าแม่กลองและป่าอุ้มผาง,RFD_B
16.038,98.801,478713,1773149,47Q,17/02/2019,1350,A,60,NASA,หนองหลวง,อุ้มผาง,ตาก,ป่าแม่กลองและป่าอุ้มผาง,RFD_A
16.039,98.81,479676,1773259,47Q,17/02/2019,1350,A,76,NASA,แม่กลอง,อุ้มผาง,ตาก,ป่าแม่กลองและป่าอุ้มผาง,RFD_B
16.048,98.809,479569,1774254,47Q,17/02/2019,1350,A,56,NASA,หนองหลวง,อุ้มผาง,ตาก,ป่าแม่กลองและป่าอุ้มผาง,RFD_A
16.072,98.79,477540,1776911,47Q,17/02/2019,1350,A,50,NASA,หนองหลวง,อุ้มผาง,ตาก,ป่าแม่กลองและป่าอุ้มผาง,RFD_B
16.081,98.788,477327,1777907,47Q,17/02/2019,1350,A,93,NASA,หนองหลวง,อุ้มผาง,ตาก,ป่าแม่กลองและป่าอุ้มผาง,RFD_B
16.085,98.816,480322,1778346,47Q,17/02/2019,1350,A,89,NASA,แม่กลอง,อุ้มผาง,ตาก,ป่าแม่กลองและป่าอุ้มผาง,RFD_B
16.088,98.835,482354,1778677,47Q,17/02/2019,1350,A,61,NASA,แม่กลอง,อุ้มผาง,ตาก,ป่าแม่กลองและป่าอุ้มผาง,RFD_A
16.488,98.673,465100,1822945,47Q,17/02/2019,1350,A,72,NASA,ช่องแคบ,พบพระ,ตาก,ป่าช่องแคบและป่าแม่โกนเกน,RFD_B
16.49,99.284,530311,1823159,47Q,17/02/2019,1350,A,64,NASA,นาบ่อคำ,เมืองกำแพงเพชร,กำแพงเพชร,ป่าคลองวังเจ้าและป่าคลองสวนหมาก,RFD_B
16.491,98.692,467128,1823273,47Q,17/02/2019,1350,A,62,NASA,ช่องแคบ,พบพระ,ตาก,ป่าช่องแคบและป่าแม่โกนเกน,RFD_B
16.499,98.675,465315,1824161,47Q,17/02/2019,1350,A,49,NASA,ช่องแคบ,พบพระ,ตาก,ป่าช่องแคบและป่าแม่โกนเกน,RFD_B
14.497,104.437,439333,1602768,48P,17/02/2019,1350,A,66,NASA,บักดอง,ขุนหาญ,ศรีสะเกษ,ป่าฝั่งขวาห้วยศาลา,RFD_B
15.329,105.443,547553,1694764,48P,17/02/2019,1350,A,41,NASA,ห้วยไผ่,โขงเจียม,อุบลราชธานี,ป่าหลังภู,RFD_B
17.134,99.144,515317,1894385,47Q,17/02/2019,1350,A,75,NASA,แม่สลิด,บ้านตาก,ตาก,ป่าแม่สลิดและป่าโป่งแดง,RFD_A
17.168,98.99,498937,1898140,47Q,17/02/2019,1350,A,62,NASA,ย่านรี,สามเงา,ตาก,ป่าแม่ตื่น,RFD_A
17.17,99,500000,1898361,47Q,17/02/2019,1350,A,67,NASA,ย่านรี,สามเงา,ตาก,ป่าแม่ตื่น,RFD_A
17.582,98.927,492254,1943942,47Q,17/02/2019,1350,A,71,NASA,แม่พริก,แม่พริก,ลำปาง,ป่าแม่พริก,RFD_A
17.583,98.937,493315,1944052,47Q,17/02/2019,1350,A,72,NASA,แม่พริก,แม่พริก,ลำปาง,ป่าแม่พริก,RFD_A
17.66,98.889,488227,1952573,47Q,17/02/2019,1350,A,85,NASA,ก้อ,ลี้,ลำพูน,ป่าแม่ลี้,RFD_A
17.889,98.881,487394,1977909,47Q,17/02/2019,1350,A,57,NASA,ป่าไผ่,ลี้,ลำพูน,ป่าแม่ตืนและป่าแม่แนต,RFD_A
17.968,98.923,491847,1986647,47Q,17/02/2019,1350,A,72,NASA,แม่ตืน,ลี้,ลำพูน,ป่าแม่ตืนและป่าแม่แนต,RFD_B
18.042,98.458,442635,1994916,47Q,17/02/2019,1350,A,59,NASA,นาคอเรือ,ฮอด,เชียงใหม่,ป่าแม่แจ่มและป่าแม่ตื่น,RFD_A
18.075,98.366,432910,1998598,47Q,17/02/2019,1350,A,49,NASA,บ่อหลวง,ฮอด,เชียงใหม่,ป่าขุนแม่ลาย,RFD_A
18.076,98.969,496720,1998594,47Q,17/02/2019,1350,A,56,NASA,ศรีวิชัย,ลี้,ลำพูน,ป่าแม่ตืนและป่าแม่แนต,RFD_A
18.089,98.928,492382,2000034,47Q,17/02/2019,1350,A,85,NASA,ศรีวิชัย,ลี้,ลำพูน,ป่าแม่ตืนและป่าแม่แนต,RFD_A
18.096,98.921,491641,2000808,47Q,17/02/2019,1350,A,76,NASA,ศรีวิชัย,ลี้,ลำพูน,ป่าแม่ตืนและป่าแม่แนต,RFD_A
18.097,98.931,492699,2000919,47Q,17/02/2019,1350,A,77,NASA,ศรีวิชัย,ลี้,ลำพูน,ป่าแม่ตืนและป่าแม่แนต,RFD_A
18.11,98.419,438531,2002452,47Q,17/02/2019,1350,A,59,NASA,บ่อหลวง,ฮอด,เชียงใหม่,ป่าแม่แจ่มและป่าแม่ตื่น,RFD_A
18.119,98.285,424358,2003498,47Q,17/02/2019,1350,A,60,NASA,บ่อหลวง,ฮอด,เชียงใหม่,ป่าขุนแม่ลาย,RFD_A
18.146,98.884,487730,2006342,47Q,17/02/2019,1350,A,54,NASA,ป่าพลู,บ้านโฮ่ง,ลำพูน,ป่าบ้านโฮ่ง,RFD_A
18.195,98.37,433379,2011874,47Q,17/02/2019,1350,A,51,NASA,บ่อหลวง,ฮอด,เชียงใหม่,ป่าขุนแม่ลาย,RFD_A
18.234,98.647,462680,2016111,47Q,17/02/2019,1350,A,80,NASA,บ้านแปะ,จอมทอง,เชียงใหม่,ป่าท่าธาร,RFD_A
18.27,98.853,484462,2020064,47Q,17/02/2019,1350,A,75,NASA,ป่าพลู,บ้านโฮ่ง,ลำพูน,ป่าบ้านโฮ่ง,RFD_A
18.337,98.394,435969,2027577,47Q,17/02/2019,1350,A,72,NASA,กองแขก,แม่แจ่ม,เชียงใหม่,ป่าแม่แจ่ม,RFD_A
18.487,98.349,431274,2044191,47Q,17/02/2019,1350,A,76,NASA,ท่าผา,แม่แจ่ม,เชียงใหม่,ป่าแม่แจ่ม,RFD_B
18.743,98.404,437174,2072496,47Q,17/02/2019,1350,A,75,NASA,แม่นาจร,แม่แจ่ม,เชียงใหม่,ป่าแม่แจ่ม,RFD_B
19.202,98.332,429777,2123313,47Q,17/02/2019,1350,A,51,NASA,เมืองแปง,ปาย,แม่ฮ่องสอน,ป่าแม่ปายฝั่งซ้ายตอนบน,RFD_A
18.892,99.635,566878,2088998,47Q,17/02/2019,1350,A,79,NASA,ทุ่งผึ้ง,แจ้ห่ม,ลำปาง,ป่าขุนวังแปลงที่หนึ่ง,RFD_A
18.893,99.645,567931,2089112,47Q,17/02/2019,1350,A,79,NASA,ทุ่งผึ้ง,แจ้ห่ม,ลำปาง,ป่าขุนวังแปลงที่หนึ่ง,RFD_A
19.019,101.187,730200,2104362,47Q,17/02/2019,1350,A,54,NASA,ภูฟ้า,บ่อเกลือ,น่าน,ป่าดอยภูคาและป่าผาแดง,RFD_A
19.247,101.057,716214,2129438,47Q,17/02/2019,1350,A,51,NASA,ภูคา,ปัว,น่าน,ป่าดอยภูคาและป่าผาแดง,RFD_B
19.706,99.28,529344,2178972,47Q,17/02/2019,1350,A,76,NASA,แม่ทะลบ,ไชยปราการ,เชียงใหม่,ป่าลุ่มน้ำแม่ฝาง,RFD_A
19.894,99.315,532973,2199782,47Q,17/02/2019,1355,A,60,NASA,บ้านหลวง,แม่อาย,เชียงใหม่,ป่าลุ่มน้ำแม่ฝาง,RFD_B
19.895,99.326,534124,2199895,47Q,17/02/2019,1355,A,61,NASA,บ้านหลวง,แม่อาย,เชียงใหม่,ป่าลุ่มน้ำแม่ฝาง,RFD_B
19.917,99.344,536003,2202333,47Q,17/02/2019,1355,A,76,NASA,บ้านหลวง,แม่อาย,เชียงใหม่,ป่าลุ่มน้ำแม่ฝาง,RFD_B
10.14286,99.02768,503032,1121208,47P,17/02/2019,1312,S,1,NASA,นาสัก,สวี,ชุมพร,เกษตรกรรม,AGI
10.85079,99.39114,542751,1199509,47P,17/02/2019,1312,S,1,NASA,ดอนยาง,ปะทิว,ชุมพร,เกษตรกรรม,AGI
13.73058,101.72398,794603,1519593,47P,17/02/2019,1312,S,1,NASA,ทุ่งพระยา,สนามชัยเขต,ฉะเชิงเทรา,เกษตรกรรม,AGI
13.76275,101.31696,750526,1522693,47P,17/02/2019,1312,S,1,NASA,พนมสารคาม,พนมสารคาม,ฉะเชิงเทรา,เกษตรกรรม,AGI
13.76351,101.32145,751011,1522782,47P,17/02/2019,1312,S,1,NASA,พนมสารคาม,พนมสารคาม,ฉะเชิงเทรา,เกษตรกรรม,AGI
13.78439,101.62283,783592,1525429,47P,17/02/2019,1312,S,1,NASA,ศรีมหาโพธิ,ศรีมหาโพธิ,ปราจีนบุรี,เกษตรกรรม,AGI
13.78524,101.62553,783883,1525526,47P,17/02/2019,1312,S,1,NASA,ศรีมหาโพธิ,ศรีมหาโพธิ,ปราจีนบุรี,เกษตรกรรม,AGI
14.02578,101.41121,760428,1551906,47P,17/02/2019,1312,S,1,NASA,ท่างาม,เมืองปราจีนบุรี,ปราจีนบุรี,เกษตรกรรม,AGI
14.51553,101.77095,798660,1606554,47P,17/02/2019,1312,S,1,NASA,วังหมี,วังน้ำเขียว,นครราชสีมา,เกษตรกรรม,AGI
14.83952,100.84198,698203,1641392,47P,17/02/2019,1312,S,1,NASA,โคกตูม,เมืองลพบุรี,ลพบุรี,เกษตรกรรม,AGI
14.84326,100.84129,698126,1641806,47P,17/02/2019,1312,S,1,NASA,โคกตูม,เมืองลพบุรี,ลพบุรี,เกษตรกรรม,AGI
14.85156,99.30347,532648,1641930,47P,17/02/2019,1312,S,1,NASA,องค์พระ,ด่านช้าง,สุพรรณบุรี,เกษตรกรรม,AGI
14.85216,99.30685,533011,1641997,47P,17/02/2019,1312,S,1,NASA,องค์พระ,ด่านช้าง,สุพรรณบุรี,เกษตรกรรม,AGI
13.59323,102.1366,190128,1504561,48P,17/02/2019,1312,S,1,NASA,คลองหินปูน,วังน้ำเย็น,สระแก้ว,เกษตรกรรม,AGI
13.60697,101.90627,814497,1506138,47P,17/02/2019,1312,S,1,NASA,วังท่าช้าง,กบินทร์บุรี,ปราจีนบุรี,เกษตรกรรม,AGI
13.61057,101.90565,814425,1506535,47P,17/02/2019,1312,S,1,NASA,วังท่าช้าง,กบินทร์บุรี,ปราจีนบุรี,เกษตรกรรม,AGI
13.68083,102.40681,219492,1513930,48P,17/02/2019,1312,S,1,NASA,คลองทับจันทร์,อรัญประเทศ,สระแก้ว,เกษตรกรรม,AGI
13.68271,102.52983,232808,1513999,48P,17/02/2019,1312,S,1,NASA,ป่าไร่,อรัญประเทศ,สระแก้ว,เกษตรกรรม,AGI
13.68435,102.40622,219432,1514321,48P,17/02/2019,1312,S,1,NASA,คลองทับจันทร์,อรัญประเทศ,สระแก้ว,เกษตรกรรม,AGI
13.685,102.41024,219868,1514388,48P,17/02/2019,1312,S,1,NASA,คลองทับจันทร์,อรัญประเทศ,สระแก้ว,เกษตรกรรม,AGI
13.68968,102.35166,213533,1514975,48P,17/02/2019,1312,S,1,NASA,ผักขะ,วัฒนานคร,สระแก้ว,เกษตรกรรม,AGI
13.68997,102.35139,213504,1515007,48P,17/02/2019,1312,S,1,NASA,ผักขะ,วัฒนานคร,สระแก้ว,เกษตรกรรม,AGI
13.70782,102.43951,223063,1516880,48P,17/02/2019,1312,S,1,NASA,บ้านด่าน,อรัญประเทศ,สระแก้ว,เกษตรกรรม,AGI
13.71132,102.43891,223002,1517268,48P,17/02/2019,1312,S,1,NASA,บ้านด่าน,อรัญประเทศ,สระแก้ว,เกษตรกรรม,AGI
13.763,102.44663,223898,1522980,48P,17/02/2019,1312,S,1,NASA,หันทราย,อรัญประเทศ,สระแก้ว,เกษตรกรรม,AGI
13.7656,102.46264,225633,1523249,48P,17/02/2019,1312,S,1,NASA,หันทราย,อรัญประเทศ,สระแก้ว,เกษตรกรรม,AGI
13.7665,102.44604,223838,1523368,48P,17/02/2019,1312,S,1,NASA,หันทราย,อรัญประเทศ,สระแก้ว,เกษตรกรรม,AGI
14.05128,102.73535,255436,1554572,48P,17/02/2019,1312,S,1,NASA,ทัพราช,ตาพระยา,สระแก้ว,เกษตรกรรม,AGI
14.05191,102.73924,255857,1554637,48P,17/02/2019,1312,S,1,NASA,ทัพราช,ตาพระยา,สระแก้ว,เกษตรกรรม,AGI
14.05536,102.73866,255798,1555020,48P,17/02/2019,1312,S,1,NASA,ทัพราช,ตาพระยา,สระแก้ว,เกษตรกรรม,AGI
14.40034,103.08167,293168,1592864,48P,17/02/2019,1312,S,1,NASA,ปราสาท,บ้านกรวด,บุรีรัมย์,เกษตรกรรม,AGI
14.48914,102.22373,200730,1603639,48P,17/02/2019,1312,S,1,NASA,บ้านใหม่,ครบุรี,นครราชสีมา,เกษตรกรรม,AGI
14.49026,102.68214,250172,1603213,48P,17/02/2019,1312,S,1,NASA,ไทยเจริญ,ปะคำ,บุรีรัมย์,เกษตรกรรม,AGI
14.49487,103.85339,376439,1602767,48P,17/02/2019,1312,S,1,NASA,เทพรักษา,สังขะ,สุรินทร์,เกษตรกรรม,AGI
14.50328,103.55671,344469,1603878,48P,17/02/2019,1312,S,1,NASA,กาบเชิง,กาบเชิง,สุรินทร์,เกษตรกรรม,AGI
14.56585,102.78441,261281,1611469,48P,17/02/2019,1312,S,1,NASA,สะเดา,นางรอง,บุรีรัมย์,เกษตรกรรม,AGI
14.62753,102.88409,272089,1618193,48P,17/02/2019,1312,S,1,NASA,อีสานเขต,เฉลิมพระเกียรติ,บุรีรัมย์,เกษตรกรรม,AGI
14.63209,102.4817,228730,1619141,48P,17/02/2019,1312,S,1,NASA,หนองบุนนาก,หนองบุญมาก,นครราชสีมา,เกษตรกรรม,AGI
14.65896,103.72964,363203,1620990,48P,17/02/2019,1312,S,1,NASA,อู่โลก,ลำดวน,สุรินทร์,เกษตรกรรม,AGI
14.66344,103.73637,363931,1621481,48P,17/02/2019,1312,S,1,NASA,สะกาด,สังขะ,สุรินทร์,เกษตรกรรม,AGI
14.66622,103.73219,363482,1621791,48P,17/02/2019,1312,S,1,NASA,อู่โลก,ลำดวน,สุรินทร์,เกษตรกรรม,AGI
14.79669,102.49819,230709,1637341,48P,17/02/2019,1312,S,1,NASA,โคกสว่าง,หนองกี่,บุรีรัมย์,เกษตรกรรม,AGI
14.83773,103.94804,386816,1640644,48P,17/02/2019,1312,S,1,NASA,กู่,ปรางค์กู่,ศรีสะเกษ,เกษตรกรรม,AGI
15.61407,99.65869,570609,1726356,47P,17/02/2019,1312,S,1,NASA,บ่อยาง,สว่างอารมณ์,อุทัยธานี,เกษตรกรรม,AGI
15.61647,99.66092,570848,1726622,47P,17/02/2019,1312,S,1,NASA,บ่อยาง,สว่างอารมณ์,อุทัยธานี,เกษตรกรรม,AGI
15.61802,99.65792,570525,1726793,47P,17/02/2019,1312,S,1,NASA,บ่อยาง,สว่างอารมณ์,อุทัยธานี,เกษตรกรรม,AGI
15.91737,99.62798,567217,1759896,47P,17/02/2019,1312,S,1,NASA,บ่อถ้ำ,ขาณุวรลักษบุรี,กำแพงเพชร,เกษตรกรรม,AGI
16.4169,99.35902,538332,1815085,47Q,17/02/2019,1312,S,1,NASA,นาบ่อคำ,เมืองกำแพงเพชร,กำแพงเพชร,เกษตรกรรม,AGI
16.46847,98.66708,464464,1820785,47Q,17/02/2019,1312,S,1,NASA,ช่องแคบ,พบพระ,ตาก,เกษตรกรรม,AGI
16.58254,99.71181,575935,1833509,47Q,17/02/2019,1312,S,1,NASA,เขาคีริส,พรานกระต่าย,กำแพงเพชร,เกษตรกรรม,AGI
16.60672,99.01812,501933,1836049,47Q,17/02/2019,1312,S,1,NASA,แม่ท้อ,เมืองตาก,ตาก,เกษตรกรรม,AGI
16.61346,99.00916,500977,1836795,47Q,17/02/2019,1312,S,1,NASA,แม่ท้อ,เมืองตาก,ตาก,เกษตรกรรม,AGI
16.99331,99.55576,559160,1878899,47Q,17/02/2019,1312,S,1,NASA,ลานหอย,บ้านด่านลานหอย,สุโขทัย,เกษตรกรรม,AGI
17.1427,99.14687,515621,1895347,47Q,17/02/2019,1312,S,1,NASA,แม่สลิด,บ้านตาก,ตาก,เกษตรกรรม,AGI
17.2678,99.09261,509844,1909183,47Q,17/02/2019,1312,S,1,NASA,วังจันทร์,สามเงา,ตาก,เกษตรกรรม,AGI
14.88017,100.8268,696533,1645877,47P,17/02/2019,1312,S,1,NASA,โคกตูม,เมืองลพบุรี,ลพบุรี,เกษตรกรรม,AGI
15.02874,100.90601,704916,1662389,47P,17/02/2019,1312,S,1,NASA,วังเพลิง,โคกสำโรง,ลพบุรี,เกษตรกรรม,AGI
15.16103,100.68106,680613,1676830,47P,17/02/2019,1312,S,1,NASA,ชอนสารเดช,หนองม่วง,ลพบุรี,เกษตรกรรม,AGI
15.17823,100.48723,659771,1678582,47P,17/02/2019,1312,S,1,NASA,ลาดทิพรส,ตาคลี,นครสวรรค์,เกษตรกรรม,AGI
15.2211,100.76141,689195,1683545,47P,17/02/2019,1312,S,1,NASA,ยางโทน,หนองม่วง,ลพบุรี,เกษตรกรรม,AGI
15.22189,100.76604,689691,1683636,47P,17/02/2019,1312,S,1,NASA,สระโบสถ์,สระโบสถ์,ลพบุรี,เกษตรกรรม,AGI
15.22483,100.76076,689121,1683957,47P,17/02/2019,1312,S,1,NASA,สระโบสถ์,สระโบสถ์,ลพบุรี,เกษตรกรรม,AGI
15.23495,101.26276,743051,1685574,47P,17/02/2019,1312,S,1,NASA,หนองยายโต๊ะ,ชัยบาดาล,ลพบุรี,เกษตรกรรม,AGI
15.27115,100.7112,683757,1689040,47P,17/02/2019,1312,S,1,NASA,ยางโทน,หนองม่วง,ลพบุรี,เกษตรกรรม,AGI
15.27195,100.71583,684253,1689132,47P,17/02/2019,1312,S,1,NASA,ยางโทน,หนองม่วง,ลพบุรี,เกษตรกรรม,AGI
15.27607,100.16935,625559,1689199,47P,17/02/2019,1312,S,1,NASA,หางน้ำสาคร,มโนรมย์,ชัยนาท,เกษตรกรรม,AGI
15.27629,100.16622,625222,1689221,47P,17/02/2019,1312,S,1,NASA,หางน้ำสาคร,มโนรมย์,ชัยนาท,เกษตรกรรม,AGI
15.2791,100.82373,695837,1690018,47P,17/02/2019,1312,S,1,NASA,มหาโพธิ,สระโบสถ์,ลพบุรี,เกษตรกรรม,AGI
15.28117,100.82185,695633,1690245,47P,17/02/2019,1312,S,1,NASA,ชอนสมบูรณ์,หนองม่วง,ลพบุรี,เกษตรกรรม,AGI
15.2815,101.07369,722685,1690524,47P,17/02/2019,1312,S,1,NASA,บ้านใหม่สามัคคี,ชัยบาดาล,ลพบุรี,เกษตรกรรม,AGI
15.28282,100.82308,695763,1690429,47P,17/02/2019,1312,S,1,NASA,ชอนสมบูรณ์,หนองม่วง,ลพบุรี,เกษตรกรรม,AGI
15.28799,100.19283,628073,1690531,47P,17/02/2019,1312,S,1,NASA,อู่ตะเภา,มโนรมย์,ชัยนาท,เกษตรกรรม,AGI
15.28837,100.18967,627733,1690571,47P,17/02/2019,1312,S,1,NASA,อู่ตะเภา,มโนรมย์,ชัยนาท,เกษตรกรรม,AGI
15.29134,101.19949,736189,1691746,47P,17/02/2019,1312,S,1,NASA,นิคมลำนารายณ์,ชัยบาดาล,ลพบุรี,เกษตรกรรม,AGI
15.29498,101.19885,736116,1692148,47P,17/02/2019,1312,S,1,NASA,นิคมลำนารายณ์,ชัยบาดาล,ลพบุรี,เกษตรกรรม,AGI
15.36914,100.69831,682287,1699871,47P,17/02/2019,1312,S,1,NASA,ดงดินแดง,หนองม่วง,ลพบุรี,เกษตรกรรม,AGI
15.3697,100.69962,682427,1699934,47P,17/02/2019,1312,S,1,NASA,ดงดินแดง,หนองม่วง,ลพบุรี,เกษตรกรรม,AGI
15.3721,100.69299,681713,1700194,47P,17/02/2019,1312,S,1,NASA,ดงดินแดง,หนองม่วง,ลพบุรี,เกษตรกรรม,AGI
15.37264,100.69432,681856,1700255,47P,17/02/2019,1312,S,1,NASA,ดงดินแดง,หนองม่วง,ลพบุรี,เกษตรกรรม,AGI
15.37288,100.69762,682210,1700285,47P,17/02/2019,1312,S,1,NASA,ดงดินแดง,หนองม่วง,ลพบุรี,เกษตรกรรม,AGI
15.37344,100.69894,682351,1700348,47P,17/02/2019,1312,S,1,NASA,ดงดินแดง,หนองม่วง,ลพบุรี,เกษตรกรรม,AGI
15.42778,100.83632,697049,1706481,47P,17/02/2019,1312,S,1,NASA,โคกเจริญ,โคกเจริญ,ลพบุรี,เกษตรกรรม,AGI
15.43149,100.83566,696975,1706891,47P,17/02/2019,1312,S,1,NASA,โคกเจริญ,โคกเจริญ,ลพบุรี,เกษตรกรรม,AGI
15.45622,100.48219,659019,1709335,47P,17/02/2019,1312,S,1,NASA,พุนกยูง,ตากฟ้า,นครสวรรค์,เกษตรกรรม,AGI
15.55408,100.69182,681429,1720330,47P,17/02/2019,1312,S,1,NASA,สำโรงชัย,ไพศาลี,นครสวรรค์,เกษตรกรรม,AGI
15.55781,100.69115,681354,1720742,47P,17/02/2019,1312,S,1,NASA,สำโรงชัย,ไพศาลี,นครสวรรค์,เกษตรกรรม,AGI
15.6321,101.20087,735951,1729463,47P,17/02/2019,1312,S,1,NASA,บ่อรัง,วิเชียรบุรี,เพชรบูรณ์,เกษตรกรรม,AGI
15.64931,100.04914,612448,1730422,47P,17/02/2019,1312,S,1,NASA,บางประมุง,โกรกพระ,นครสวรรค์,เกษตรกรรม,AGI
15.78764,100.79074,691822,1746261,47P,17/02/2019,1312,S,1,NASA,วังบ่อ,หนองบัว,นครสวรรค์,เกษตรกรรม,AGI
15.80169,100.46429,656835,1747545,47P,17/02/2019,1312,S,1,NASA,สายลำโพง,ท่าตะโก,นครสวรรค์,เกษตรกรรม,AGI
15.8025,100.46902,657341,1747639,47P,17/02/2019,1312,S,1,NASA,สายลำโพง,ท่าตะโก,นครสวรรค์,เกษตรกรรม,AGI
15.81724,99.88261,594520,1748918,47P,17/02/2019,1312,S,1,NASA,เนินขี้เหล็ก,ลาดยาว,นครสวรรค์,เกษตรกรรม,AGI
15.81794,100.18072,626449,1749152,47P,17/02/2019,1312,S,1,NASA,บางเคียน,ชุมแสง,นครสวรรค์,เกษตรกรรม,AGI
15.85812,100.45402,655692,1753781,47P,17/02/2019,1312,S,1,NASA,ห้วยถั่วใต้,หนองบัว,นครสวรรค์,เกษตรกรรม,AGI
15.85892,100.45875,656197,1753873,47P,17/02/2019,1312,S,1,NASA,ห้วยถั่วใต้,หนองบัว,นครสวรรค์,เกษตรกรรม,AGI
15.8602,99.96847,603694,1753711,47P,17/02/2019,1312,S,1,NASA,อ่างทอง,บรรพตพิสัย,นครสวรรค์,เกษตรกรรม,AGI
15.88504,100.52196,662946,1756812,47P,17/02/2019,1312,S,1,NASA,ห้วยร่วม,หนองบัว,นครสวรรค์,เกษตรกรรม,AGI
15.88591,100.52361,663122,1756909,47P,17/02/2019,1312,S,1,NASA,ห้วยร่วม,หนองบัว,นครสวรรค์,เกษตรกรรม,AGI
15.93232,100.19273,627663,1761814,47P,17/02/2019,1312,S,1,NASA,บางเคียน,ชุมแสง,นครสวรรค์,เกษตรกรรม,AGI
15.93373,100.18971,627339,1761968,47P,17/02/2019,1312,S,1,NASA,บางเคียน,ชุมแสง,นครสวรรค์,เกษตรกรรม,AGI
15.93965,100.36273,645856,1762736,47P,17/02/2019,1312,S,1,NASA,พิกุล,ชุมแสง,นครสวรรค์,เกษตรกรรม,AGI
15.94386,100.2805,637051,1763146,47P,17/02/2019,1312,S,1,NASA,ฆะมัง,ชุมแสง,นครสวรรค์,เกษตรกรรม,AGI
15.96694,100.52337,663031,1765875,47P,17/02/2019,1312,S,1,NASA,ห้วยร่วม,ดงเจริญ,พิจิตร,เกษตรกรรม,AGI
15.99363,100.25155,633919,1768634,47P,17/02/2019,1312,S,1,NASA,ท่าเสา,โพทะเล,พิจิตร,เกษตรกรรม,AGI
16.03533,100.69434,681271,1773584,47Q,17/02/2019,1312,S,1,NASA,บ้านกล้วย,ชนแดน,เพชรบูรณ์,เกษตรกรรม,AGI
16.24549,100.52131,662583,1796694,47Q,17/02/2019,1312,S,1,NASA,เขาเจ็ดลูก,ทับคล้อ,พิจิตร,เกษตรกรรม,AGI
16.29889,100.20133,628347,1802375,47Q,17/02/2019,1312,S,1,NASA,เนินสว่าง,โพธิ์ประทับช้าง,พิจิตร,เกษตรกรรม,AGI
16.42273,99.76033,581178,1815849,47Q,17/02/2019,1312,S,1,NASA,หนองทอง,ไทรงาม,กำแพงเพชร,เกษตรกรรม,AGI
16.42661,99.75961,581099,1816278,47Q,17/02/2019,1312,S,1,NASA,หนองทอง,ไทรงาม,กำแพงเพชร,เกษตรกรรม,AGI
16.48934,100.11609,619124,1823394,47Q,17/02/2019,1312,S,1,NASA,บ้านนา,วชิรบารมี,พิจิตร,เกษตรกรรม,AGI
17.56067,99.33205,535238,1941612,47Q,17/02/2019,1312,S,1,NASA,แม่มอก,เถิน,ลำปาง,เกษตรกรรม,AGI
17.74884,98.82338,481276,1962407,47Q,17/02/2019,1312,S,1,NASA,แม่ลาน,ลี้,ลำพูน,เกษตรกรรม,AGI
17.99579,98.61486,459227,1989762,47Q,17/02/2019,1312,S,1,NASA,ท่าเดื่อ,ดอยเต่า,เชียงใหม่,เกษตรกรรม,AGI
18.01128,98.60777,458480,1991477,47Q,17/02/2019,1312,S,1,NASA,บงตัน,ดอยเต่า,เชียงใหม่,เกษตรกรรม,AGI
18.01533,98.60695,458394,1991926,47Q,17/02/2019,1312,S,1,NASA,บงตัน,ดอยเต่า,เชียงใหม่,เกษตรกรรม,AGI
18.02411,98.58573,456150,1992902,47Q,17/02/2019,1312,S,1,NASA,นาคอเรือ,ฮอด,เชียงใหม่,เกษตรกรรม,AGI
18.08148,98.55962,453401,1999256,47Q,17/02/2019,1312,S,1,NASA,ฮอด,ฮอด,เชียงใหม่,เกษตรกรรม,AGI
18.08148,98.58269,455842,1999250,47Q,17/02/2019,1312,S,1,NASA,ฮอด,ฮอด,เชียงใหม่,เกษตรกรรม,AGI
18.08217,98.58643,456238,1999326,47Q,17/02/2019,1312,S,1,NASA,ฮอด,ฮอด,เชียงใหม่,เกษตรกรรม,AGI
18.2398,98.64819,462807,2016752,47Q,17/02/2019,1312,S,1,NASA,บ้านแปะ,จอมทอง,เชียงใหม่,เกษตรกรรม,AGI
18.26828,99.30867,532627,2019895,47Q,17/02/2019,1312,S,1,NASA,ใหม่พัฒนา,เกาะคา,ลำปาง,เกษตรกรรม,AGI
18.26865,99.30595,532339,2019935,47Q,17/02/2019,1312,S,1,NASA,ใหม่พัฒนา,เกาะคา,ลำปาง,เกษตรกรรม,AGI
18.29515,98.9353,493162,2022842,47Q,17/02/2019,1312,S,1,NASA,นครเจดีย์,ป่าซาง,ลำพูน,เกษตรกรรม,AGI
18.29814,98.92905,492502,2023173,47Q,17/02/2019,1312,S,1,NASA,นครเจดีย์,ป่าซาง,ลำพูน,เกษตรกรรม,AGI
18.32361,98.74227,472766,2026008,47Q,17/02/2019,1312,S,1,NASA,หนองปลาสวาย,บ้านโฮ่ง,ลำพูน,เกษตรกรรม,AGI
18.46227,98.92928,492533,2041332,47Q,17/02/2019,1312,S,1,NASA,มะกอก,ป่าซาง,ลำพูน,เกษตรกรรม,AGI
18.67378,98.78423,477246,2064746,47Q,17/02/2019,1312,S,1,NASA,ดอนเปา,แม่วาง,เชียงใหม่,เกษตรกรรม,AGI
18.68767,98.70133,468507,2066296,47Q,17/02/2019,1312,S,1,NASA,แม่วิน,แม่วาง,เชียงใหม่,เกษตรกรรม,AGI
18.86827,99.66053,569576,2086382,47Q,17/02/2019,1312,S,1,NASA,ทุ่งผึ้ง,แจ้ห่ม,ลำปาง,เกษตรกรรม,AGI
18.87116,99.65693,569196,2086700,47Q,17/02/2019,1312,S,1,NASA,ทุ่งผึ้ง,แจ้ห่ม,ลำปาง,เกษตรกรรม,AGI
19.16055,100.87486,697167,2119651,47Q,17/02/2019,1312,S,1,NASA,เจดีย์ชัย,ปัว,น่าน,เกษตรกรรม,AGI
14.85997,103.33398,320752,1643507,48P,17/02/2019,1312,S,1,NASA,หนองเต็ง,กระสัง,บุรีรัมย์,เกษตรกรรม,AGI
14.94924,104.09895,403104,1652908,48P,17/02/2019,1312,S,1,NASA,โคกจาน,อุทุมพรพิสัย,ศรีสะเกษ,เกษตรกรรม,AGI
14.99807,102.90756,275001,1659176,48P,17/02/2019,1312,S,1,NASA,หนองบัวโคก,ลำปลายมาศ,บุรีรัมย์,เกษตรกรรม,AGI
15.0253,103.87177,378714,1661434,48P,17/02/2019,1312,S,1,NASA,ตรึม,ศีขรภูมิ,สุรินทร์,เกษตรกรรม,AGI
15.04497,103.20024,306525,1664089,48P,17/02/2019,1312,S,1,NASA,ปราสาท,บ้านด่าน,บุรีรัมย์,เกษตรกรรม,AGI
15.08902,103.79826,370849,1668525,48P,17/02/2019,1312,S,1,NASA,คาละแมะ,ศีขรภูมิ,สุรินทร์,เกษตรกรรม,AGI
15.15091,105.29228,531400,1675038,48P,17/02/2019,1312,S,1,NASA,ดอนจิก,พิบูลมังสาหาร,อุบลราชธานี,เกษตรกรรม,AGI
15.15423,104.50835,447181,1675444,48P,17/02/2019,1312,S,1,NASA,บัวน้อย,กันทรารมย์,ศรีสะเกษ,เกษตรกรรม,AGI
15.15481,102.40563,221205,1677100,48P,17/02/2019,1312,S,1,NASA,ธารละหลอด,พิมาย,นครราชสีมา,เกษตรกรรม,AGI
15.15754,104.50781,447124,1675810,48P,17/02/2019,1312,S,1,NASA,บัวน้อย,กันทรารมย์,ศรีสะเกษ,เกษตรกรรม,AGI
15.15808,104.51138,447508,1675869,48P,17/02/2019,1312,S,1,NASA,บัวน้อย,กันทรารมย์,ศรีสะเกษ,เกษตรกรรม,AGI
15.15928,102.6722,249871,1677272,48P,17/02/2019,1312,S,1,NASA,หลุ่งตะเคียน,ห้วยแถลง,นครราชสีมา,เกษตรกรรม,AGI
15.15937,104.40879,436487,1676039,48P,17/02/2019,1312,S,1,NASA,ลิ้นฟ้า,ยางชุมน้อย,ศรีสะเกษ,เกษตรกรรม,AGI
15.16213,104.40468,436046,1676345,48P,17/02/2019,1312,S,1,NASA,ลิ้นฟ้า,ยางชุมน้อย,ศรีสะเกษ,เกษตรกรรม,AGI
15.17665,102.05408,183432,1679996,48P,17/02/2019,1312,S,1,NASA,โนนไทย,โนนไทย,นครราชสีมา,เกษตรกรรม,AGI
15.17824,104.33252,428299,1678150,48P,17/02/2019,1312,S,1,NASA,น้ำคำ,เมืองศรีเกษ,ศรีสะเกษ,เกษตรกรรม,AGI
15.17879,104.3361,428684,1678209,48P,17/02/2019,1312,S,1,NASA,น้ำคำ,เมืองศรีเกษ,ศรีสะเกษ,เกษตรกรรม,AGI
15.17934,104.33967,429068,1678269,48P,17/02/2019,1312,S,1,NASA,น้ำคำ,เมืองศรีเกษ,ศรีสะเกษ,เกษตรกรรม,AGI
15.21444,105.42215,545339,1682088,48P,17/02/2019,1312,S,1,NASA,นิคมลำโดมน้อย,สิรินธร,อุบลราชธานี,เกษตรกรรม,AGI
15.23344,105.38966,541846,1684183,48P,17/02/2019,1312,S,1,NASA,นิคมลำโดมน้อย,สิรินธร,อุบลราชธานี,เกษตรกรรม,AGI
15.25602,103.52403,341497,1687181,48P,17/02/2019,1312,S,1,NASA,กระโพ,ท่าตูม,สุรินทร์,เกษตรกรรม,AGI
15.27052,103.14655,300963,1689095,48P,17/02/2019,1312,S,1,NASA,ดงพลอง,แคนดง,บุรีรัมย์,เกษตรกรรม,AGI
15.27369,104.75961,474189,1688612,48P,17/02/2019,1312,S,1,NASA,หนองบ่อ,เมืองอุบลราชธาน,อุบลราชธานี,เกษตรกรรม,AGI
15.27443,105.28313,530400,1688699,48P,17/02/2019,1312,S,1,NASA,ทรายมูล,พิบูลมังสาหาร,อุบลราชธานี,เกษตรกรรม,AGI
15.27918,102.67921,250765,1690536,48P,17/02/2019,1312,S,1,NASA,ท่าลาด,ชุมพวง,นครราชสีมา,เกษตรกรรม,AGI
15.3288,102.98657,283837,1695698,48P,17/02/2019,1312,S,1,NASA,หนองขมาร,คูเมือง,บุรีรัมย์,เกษตรกรรม,AGI
15.32968,103.3457,322404,1695469,48P,17/02/2019,1312,S,1,NASA,สะแก,สตึก,บุรีรัมย์,เกษตรกรรม,AGI
15.33227,104.50092,446428,1695139,48P,17/02/2019,1312,S,1,NASA,สร้างถ่อ,เขื่องใน,อุบลราชธานี,เกษตรกรรม,AGI
15.33285,105.44718,548000,1695191,48P,17/02/2019,1312,S,1,NASA,ห้วยไผ่,โขงเจียม,อุบลราชธานี,เกษตรกรรม,AGI
15.37951,103.88298,380120,1700612,48P,17/02/2019,1312,S,1,NASA,ทับใหญ่,รัตนบุรี,สุรินทร์,เกษตรกรรม,AGI
15.39417,104.15331,409141,1702102,48P,17/02/2019,1312,S,1,NASA,ดู่,ราษีไศล,ศรีสะเกษ,เกษตรกรรม,AGI
15.39424,104.39577,435160,1702022,48P,17/02/2019,1312,S,1,NASA,ค้อทอง,เขื่องใน,อุบลราชธานี,เกษตรกรรม,AGI
15.41959,103.38303,326487,1705386,48P,17/02/2019,1312,S,1,NASA,ชุมพลบุรี,ชุมพลบุรี,สุรินทร์,เกษตรกรรม,AGI
15.42288,104.22935,417312,1705247,48P,17/02/2019,1312,S,1,NASA,สงยาง,มหาชนะชัย,ยโสธร,เกษตรกรรม,AGI
15.46492,104.10501,403990,1709949,48P,17/02/2019,1312,S,1,NASA,กุง,ศิลาลาด,ศรีสะเกษ,เกษตรกรรม,AGI
15.49447,104.38635,434181,1713112,48P,17/02/2019,1312,S,1,NASA,กลางใหญ่,เขื่องใน,อุบลราชธานี,เกษตรกรรม,AGI
15.49716,104.4262,438456,1713398,48P,17/02/2019,1312,S,1,NASA,กลางใหญ่,เขื่องใน,อุบลราชธานี,เกษตรกรรม,AGI
15.49771,104.42977,438839,1713457,48P,17/02/2019,1312,S,1,NASA,กลางใหญ่,เขื่องใน,อุบลราชธานี,เกษตรกรรม,AGI
15.50047,104.42566,438399,1713764,48P,17/02/2019,1312,S,1,NASA,กลางใหญ่,เขื่องใน,อุบลราชธานี,เกษตรกรรม,AGI
15.50335,104.35561,430887,1714104,48P,17/02/2019,1312,S,1,NASA,บึงแก,มหาชนะชัย,ยโสธร,เกษตรกรรม,AGI
15.51398,103.74525,365423,1715570,48P,17/02/2019,1312,S,1,NASA,ทุ่งหลวง,สุวรรณภูมิ,ร้อยเอ็ด,เกษตรกรรม,AGI
15.51455,103.74888,365813,1715631,48P,17/02/2019,1312,S,1,NASA,ทุ่งหลวง,สุวรรณภูมิ,ร้อยเอ็ด,เกษตรกรรม,AGI
15.51932,103.99965,392714,1716017,48P,17/02/2019,1312,S,1,NASA,โพนทราย,โพนทราย,ร้อยเอ็ด,เกษตรกรรม,AGI
15.55232,103.07192,293225,1720350,48P,17/02/2019,1312,S,1,NASA,เม็กดำ,พยัคฆภูมิพิสัย,มหาสารคาม,เกษตรกรรม,AGI
15.55292,103.07565,293626,1720412,48P,17/02/2019,1312,S,1,NASA,เม็กดำ,พยัคฆภูมิพิสัย,มหาสารคาม,เกษตรกรรม,AGI
15.55786,104.64697,462147,1720061,48P,17/02/2019,1312,S,1,NASA,ยางโยภาพ,ม่วงสามสิบ,อุบลราชธานี,เกษตรกรรม,AGI
15.5579,104.33868,429089,1720143,48P,17/02/2019,1312,S,1,NASA,โนนทราย,มหาชนะชัย,ยโสธร,เกษตรกรรม,AGI
15.56853,104.18655,412781,1721376,48P,17/02/2019,1312,S,1,NASA,หัวเมือง,มหาชนะชัย,ยโสธร,เกษตรกรรม,AGI
15.56948,103.79935,371261,1721677,48P,17/02/2019,1312,S,1,NASA,สระคู,สุวรรณภูมิ,ร้อยเอ็ด,เกษตรกรรม,AGI
15.58668,103.80023,371366,1723579,48P,17/02/2019,1312,S,1,NASA,สระคู,สุวรรณภูมิ,ร้อยเอ็ด,เกษตรกรรม,AGI
15.5992,104.81161,479804,1724611,48P,17/02/2019,1312,S,1,NASA,หนองช้างใหญ่,ม่วงสามสิบ,อุบลราชธานี,เกษตรกรรม,AGI
15.64175,103.95758,388268,1729582,48P,17/02/2019,1312,S,1,NASA,หัวช้าง,สุวรรณภูมิ,ร้อยเอ็ด,เกษตรกรรม,AGI
15.71614,104.07002,400357,1737756,48P,17/02/2019,1312,S,1,NASA,สระแก้ว,พนมไพร,ร้อยเอ็ด,เกษตรกรรม,AGI
15.79817,103.74575,365663,1747011,48P,17/02/2019,1312,S,1,NASA,เมืองสรวง,เมืองสรวง,ร้อยเอ็ด,เกษตรกรรม,AGI
15.8161,101.94229,815205,1750801,47P,17/02/2019,1312,S,1,NASA,โคกสูง,เมืองชัยภูมิ,ชัยภูมิ,เกษตรกรรม,AGI
15.82825,102.30712,211549,1751787,48P,17/02/2019,1312,S,1,NASA,หนองขาม,คอนสวรรค์,ชัยภูมิ,เกษตรกรรม,AGI
15.83234,102.31044,211910,1752236,48P,17/02/2019,1312,S,1,NASA,หนองขาม,คอนสวรรค์,ชัยภูมิ,เกษตรกรรม,AGI
15.89445,103.692,359971,1757698,48P,17/02/2019,1312,S,1,NASA,แคนใหญ่,เมืองร้อยเอ็ด,ร้อยเอ็ด,เกษตรกรรม,AGI
15.89722,103.68783,359527,1758007,48P,17/02/2019,1312,S,1,NASA,แคนใหญ่,เมืองร้อยเอ็ด,ร้อยเอ็ด,เกษตรกรรม,AGI
15.89778,103.69145,359915,1758067,48P,17/02/2019,1312,S,1,NASA,แคนใหญ่,เมืองร้อยเอ็ด,ร้อยเอ็ด,เกษตรกรรม,AGI
15.99163,103.59733,349907,1768516,48P,17/02/2019,1312,S,1,NASA,สะอาดสมบูรณ์,เมืองร้อยเอ็ด,ร้อยเอ็ด,เกษตรกรรม,AGI
15.99807,105.37404,540020,1768758,48P,17/02/2019,1312,S,1,NASA,นาแวง,เขมราฐ,อุบลราชธานี,เกษตรกรรม,AGI
16.01491,105.17088,518281,1770592,48Q,17/02/2019,1312,S,1,NASA,ขามป้อม,เขมราฐ,อุบลราชธานี,เกษตรกรรม,AGI
16.01544,105.17449,518668,1770651,48Q,17/02/2019,1312,S,1,NASA,ขามป้อม,เขมราฐ,อุบลราชธานี,เกษตรกรรม,AGI
16.02048,105.16261,517396,1771208,48Q,17/02/2019,1312,S,1,NASA,เขมราฐ,เขมราฐ,อุบลราชธานี,เกษตรกรรม,AGI
16.04104,103.87119,379245,1773804,48Q,17/02/2019,1312,S,1,NASA,ทุ่งเขาหลวง,ธวัชบุรี,ร้อยเอ็ด,เกษตรกรรม,AGI
16.08633,103.78969,370555,1778864,48Q,17/02/2019,1312,S,1,NASA,ธวัชบุรี,ธวัชบุรี,ร้อยเอ็ด,เกษตรกรรม,AGI
16.16748,103.90205,382621,1787774,48Q,17/02/2019,1312,S,1,NASA,ท่าม่วง,เสลภูมิ,ร้อยเอ็ด,เกษตรกรรม,AGI
16.1708,103.9015,382564,1788142,48Q,17/02/2019,1312,S,1,NASA,ท่าม่วง,เสลภูมิ,ร้อยเอ็ด,เกษตรกรรม,AGI
16.17136,103.9051,382949,1788202,48Q,17/02/2019,1312,S,1,NASA,หนองหลวง,เสลภูมิ,ร้อยเอ็ด,เกษตรกรรม,AGI
16.24058,103.87109,379355,1795880,48Q,17/02/2019,1312,S,1,NASA,โพธิ์ศรีสว่าง,โพนทอง,ร้อยเอ็ด,เกษตรกรรม,AGI
16.36748,103.94924,387780,1809875,48Q,17/02/2019,1312,S,1,NASA,คำนาดี,โพนทอง,ร้อยเอ็ด,เกษตรกรรม,AGI
16.45801,102.22408,203588,1821634,48Q,17/02/2019,1312,S,1,NASA,หนองคอนไทย,ภูเขียว,ชัยภูมิ,เกษตรกรรม,AGI
16.4991,103.83481,375641,1824503,48Q,17/02/2019,1312,S,1,NASA,หนองบัว,นามน,กาฬสินธุ์,เกษตรกรรม,AGI
20.3291,100.29904,635611,2248434,47Q,17/02/2019,1318,S,1,NASA,แม่เงิน,เชียงแสน,เชียงราย,เกษตรกรรม,AGI
14.26376,102.81921,264716,1578001,48P,17/02/2019,1312,S,1,NASA,สำโรงใหม่,ละหานทราย,บุรีรัมย์,อุทยานแห่งชาติตาพระยา,DNP
14.26377,105.07807,508421,1576900,48P,17/02/2019,1312,S,1,NASA,โดมประดิษฐ์,น้ำยืน,อุบลราชธานี,เขตห้ามล่าสัตว์ป่ายอดโดม,DNP
14.26708,105.07755,508365,1577266,48P,17/02/2019,1312,S,1,NASA,โดมประดิษฐ์,น้ำยืน,อุบลราชธานี,เขตห้ามล่าสัตว์ป่ายอดโดม,DNP
14.2855,105.02005,502163,1579302,48P,17/02/2019,1312,S,1,NASA,โดมประดิษฐ์,น้ำยืน,อุบลราชธานี,เขตห้ามล่าสัตว์ป่ายอดโดม,DNP
14.29016,105.09573,510325,1579819,48P,17/02/2019,1312,S,1,NASA,โดมประดิษฐ์,น้ำยืน,อุบลราชธานี,อุทยานแห่งชาติภูจอง-นายอย,DNP
14.29848,105.08351,509007,1580739,48P,17/02/2019,1312,S,1,NASA,โดมประดิษฐ์,น้ำยืน,อุบลราชธานี,อุทยานแห่งชาติภูจอง-นายอย,DNP
14.29902,105.08704,509387,1580799,48P,17/02/2019,1312,S,1,NASA,โดมประดิษฐ์,น้ำยืน,อุบลราชธานี,อุทยานแห่งชาติภูจอง-นายอย,DNP
14.30296,105.06824,507360,1581234,48P,17/02/2019,1312,S,1,NASA,โดมประดิษฐ์,น้ำยืน,อุบลราชธานี,เขตห้ามล่าสัตว์ป่ายอดโดม,DNP
14.30627,105.06772,507303,1581600,48P,17/02/2019,1312,S,1,NASA,โดมประดิษฐ์,น้ำยืน,อุบลราชธานี,เขตห้ามล่าสัตว์ป่ายอดโดม,DNP
14.30681,105.0713,507689,1581660,48P,17/02/2019,1312,S,1,NASA,โดมประดิษฐ์,น้ำยืน,อุบลราชธานี,เขตห้ามล่าสัตว์ป่ายอดโดม,DNP
14.31012,105.07077,507632,1582026,48P,17/02/2019,1312,S,1,NASA,โดมประดิษฐ์,น้ำยืน,อุบลราชธานี,เขตห้ามล่าสัตว์ป่ายอดโดม,DNP
14.34867,102.60588,241785,1587626,48P,17/02/2019,1312,S,1,NASA,โคกมะม่วง,ปะคำ,บุรีรัมย์,เขตห้ามล่าสัตว์ป่าดงใหญ่,DNP
14.35916,105.08467,509129,1587450,48P,17/02/2019,1312,S,1,NASA,โดมประดิษฐ์,น้ำยืน,อุบลราชธานี,เขตห้ามล่าสัตว์ป่ายอดโดม,DNP
14.3597,105.08823,509513,1587510,48P,17/02/2019,1312,S,1,NASA,โดมประดิษฐ์,น้ำยืน,อุบลราชธานี,เขตห้ามล่าสัตว์ป่ายอดโดม,DNP
14.39057,105.09062,509769,1590924,48P,17/02/2019,1312,S,1,NASA,โดมประดิษฐ์,น้ำยืน,อุบลราชธานี,เขตห้ามล่าสัตว์ป่ายอดโดม,DNP
14.40012,104.9072,489996,1591980,48P,17/02/2019,1312,S,1,NASA,โซง,น้ำยืน,อุบลราชธานี,อุทยานแห่งชาติเขาพระวิหาร,DNP
14.42078,104.57578,454272,1594305,48P,17/02/2019,1312,S,1,NASA,ละลาย,กันทรลักษ์,ศรีสะเกษ,เขตห้ามล่าสัตว์ป่าพนมดงรัก,DNP
14.42137,104.55745,452297,1594374,48P,17/02/2019,1312,S,1,NASA,ละลาย,กันทรลักษ์,ศรีสะเกษ,เขตห้ามล่าสัตว์ป่าพนมดงรัก,DNP
14.42253,104.92123,491509,1594458,48P,17/02/2019,1312,S,1,NASA,โซง,น้ำยืน,อุบลราชธานี,อุทยานแห่งชาติเขาพระวิหาร,DNP
14.42355,104.57168,453831,1594613,48P,17/02/2019,1312,S,1,NASA,ละลาย,กันทรลักษ์,ศรีสะเกษ,เขตห้ามล่าสัตว์ป่าพนมดงรัก,DNP
14.42409,104.57523,454214,1594672,48P,17/02/2019,1312,S,1,NASA,ละลาย,กันทรลักษ์,ศรีสะเกษ,เขตห้ามล่าสัตว์ป่าพนมดงรัก,DNP
14.43538,104.69355,466969,1595900,48P,17/02/2019,1312,S,1,NASA,เสาธงชัย,กันทรลักษ์,ศรีสะเกษ,อุทยานแห่งชาติเขาพระวิหาร,DNP
14.43674,104.59135,455954,1596068,48P,17/02/2019,1312,S,1,NASA,ละลาย,กันทรลักษ์,ศรีสะเกษ,เขตห้ามล่าสัตว์ป่าพนมดงรัก,DNP
14.44146,104.68893,466472,1596573,48P,17/02/2019,1312,S,1,NASA,เสาธงชัย,กันทรลักษ์,ศรีสะเกษ,อุทยานแห่งชาติเขาพระวิหาร,DNP
14.44282,104.58673,455457,1596741,48P,17/02/2019,1312,S,1,NASA,ละลาย,กันทรลักษ์,ศรีสะเกษ,เขตห้ามล่าสัตว์ป่าพนมดงรัก,DNP
14.44613,104.58619,455400,1597107,48P,17/02/2019,1312,S,1,NASA,ละลาย,กันทรลักษ์,ศรีสะเกษ,เขตห้ามล่าสัตว์ป่าพนมดงรัก,DNP
14.45338,103.5462,343301,1598365,48P,17/02/2019,1312,S,1,NASA,โคกตะเคียน,กาบเชิง,สุรินทร์,เขตห้ามล่าสัตว์ป่าห้วยทับทัน-ห้วยสำราญ,DNP
14.461,104.59473,456323,1598750,48P,17/02/2019,1312,S,1,NASA,ละลาย,กันทรลักษ์,ศรีสะเกษ,เขตห้ามล่าสัตว์ป่าพนมดงรัก,DNP
14.46708,104.5901,455825,1599424,48P,17/02/2019,1312,S,1,NASA,ละลาย,กันทรลักษ์,ศรีสะเกษ,เขตห้ามล่าสัตว์ป่าพนมดงรัก,DNP
14.47606,104.43103,438684,1600453,48P,17/02/2019,1312,S,1,NASA,บักดอง,ขุนหาญ,ศรีสะเกษ,เขตห้ามล่าสัตว์ป่าพนมดงรัก,DNP
14.51108,105.44335,547770,1604297,48P,17/02/2019,1312,S,1,NASA,ห้วยข่า,บุณฑริก,อุบลราชธานี,อุทยานแห่งชาติภูจอง-นายอย,DNP
14.88512,98.9341,492911,1645621,47P,17/02/2019,1312,S,1,NASA,ชะแล,ทองผาภูมิ,กาญจนบุรี,อุทยานแห่งชาติลำคลองงู,DNP
14.8858,98.93789,493319,1645696,47P,17/02/2019,1312,S,1,NASA,ชะแล,ทองผาภูมิ,กาญจนบุรี,อุทยานแห่งชาติลำคลองงู,DNP
14.89085,99.01389,501494,1646254,47P,17/02/2019,1312,S,1,NASA,นาสวน,ศรีสวัสดิ์,กาญจนบุรี,อุทยานแห่งชาติเขื่อนศรีนครินทร์,DNP
14.90119,98.95133,494765,1647398,47P,17/02/2019,1312,S,1,NASA,ชะแล,ทองผาภูมิ,กาญจนบุรี,อุทยานแห่งชาติลำคลองงู,DNP
14.92195,98.87337,486381,1649697,47P,17/02/2019,1312,S,1,NASA,ชะแล,ทองผาภูมิ,กาญจนบุรี,อุทยานแห่งชาติลำคลองงู,DNP
14.9508,98.93878,493417,1652885,47P,17/02/2019,1312,S,1,NASA,ชะแล,ทองผาภูมิ,กาญจนบุรี,อุทยานแห่งชาติลำคลองงู,DNP
15.11443,99.22913,524620,1670995,47P,17/02/2019,1312,S,1,NASA,แก่นมะกรูด,บ้านไร่,อุทัยธานี,เขตห้ามล่าสัตว์ป่าห้วยขาแข้ง,DNP
15.1167,99.22833,524534,1671246,47P,17/02/2019,1312,S,1,NASA,แก่นมะกรูด,บ้านไร่,อุทัยธานี,เขตห้ามล่าสัตว์ป่าห้วยขาแข้ง,DNP
15.20418,99.31699,534046,1680934,47P,17/02/2019,1312,S,1,NASA,คอกควาย,บ้านไร่,อุทัยธานี,เขตห้ามล่าสัตว์ป่าห้วยขาแข้ง,DNP
15.21508,99.33129,535580,1682142,47P,17/02/2019,1312,S,1,NASA,คอกควาย,บ้านไร่,อุทัยธานี,เขตห้ามล่าสัตว์ป่าห้วยขาแข้ง,DNP
15.2192,99.33088,535536,1682598,47P,17/02/2019,1312,S,1,NASA,คอกควาย,บ้านไร่,อุทัยธานี,เขตห้ามล่าสัตว์ป่าห้วยขาแข้ง,DNP
16.59669,99.00894,500954,1834940,47Q,17/02/2019,1312,S,1,NASA,แม่ท้อ,เมืองตาก,ตาก,อุทยานแห่งชาติน้ำตกพาเจริญ,DNP
16.60068,99.00789,500842,1835381,47Q,17/02/2019,1312,S,1,NASA,แม่ท้อ,เมืองตาก,ตาก,อุทยานแห่งชาติน้ำตกพาเจริญ,DNP
16.60135,99.0116,501237,1835455,47Q,17/02/2019,1312,S,1,NASA,แม่ท้อ,เมืองตาก,ตาก,อุทยานแห่งชาติน้ำตกพาเจริญ,DNP
16.61685,99.00476,500508,1837170,47Q,17/02/2019,1312,S,1,NASA,แม่ท้อ,เมืองตาก,ตาก,อุทยานแห่งชาติน้ำตกพาเจริญ,DNP
16.61753,99.0085,500907,1837245,47Q,17/02/2019,1312,S,1,NASA,แม่ท้อ,เมืองตาก,ตาก,อุทยานแห่งชาติน้ำตกพาเจริญ,DNP
16.61881,98.99249,499199,1837387,47Q,17/02/2019,1312,S,1,NASA,แม่ท้อ,เมืองตาก,ตาก,อุทยานแห่งชาติน้ำตกพาเจริญ,DNP
17.20247,98.6893,466964,1901980,47Q,17/02/2019,1312,S,1,NASA,บ้านนา,สามเงา,ตาก,เขตห้ามล่าสัตว์ป่าแม่ตื่น,DNP
17.40708,98.94053,493684,1924590,47Q,17/02/2019,1312,S,1,NASA,ยกกระบัตร,สามเงา,ตาก,อุทยานแห่งชาติแม่ปิง,DNP
17.42175,98.60857,458429,1926255,47Q,17/02/2019,1312,S,1,NASA,บ้านนา,สามเงา,ตาก,เขตห้ามล่าสัตว์ป่าอมก๋อย,DNP
17.42883,98.60096,457622,1927040,47Q,17/02/2019,1312,S,1,NASA,บ้านนา,สามเงา,ตาก,เขตห้ามล่าสัตว์ป่าอมก๋อย,DNP
17.42969,98.60564,458120,1927134,47Q,17/02/2019,1312,S,1,NASA,บ้านนา,สามเงา,ตาก,เขตห้ามล่าสัตว์ป่าอมก๋อย,DNP
17.46083,99.24247,525745,1930552,47Q,17/02/2019,1312,S,1,NASA,แม่วะ,เถิน,ลำปาง,อุทยานแห่งชาติแม่วะ,DNP
17.51699,98.90366,489774,1936751,47Q,17/02/2019,1312,S,1,NASA,บ้านนา,สามเงา,ตาก,อุทยานแห่งชาติแม่ปิง,DNP
17.5217,98.90682,490109,1937272,47Q,17/02/2019,1312,S,1,NASA,บ้านนา,สามเงา,ตาก,อุทยานแห่งชาติแม่ปิง,DNP
17.53119,98.91364,490834,1938322,47Q,17/02/2019,1312,S,1,NASA,บ้านนา,สามเงา,ตาก,อุทยานแห่งชาติแม่ปิง,DNP
17.53915,98.88833,488148,1939204,47Q,17/02/2019,1312,S,1,NASA,ก้อ,ลี้,ลำพูน,อุทยานแห่งชาติแม่ปิง,DNP
17.54116,98.89968,489353,1939425,47Q,17/02/2019,1312,S,1,NASA,ก้อ,ลี้,ลำพูน,อุทยานแห่งชาติแม่ปิง,DNP
17.54428,99.2402,525493,1939784,47Q,17/02/2019,1312,S,1,NASA,เถินบุรี,เถิน,ลำปาง,อุทยานแห่งชาติแม่วะ,DNP
17.5767,98.83821,482832,1943362,47Q,17/02/2019,1312,S,1,NASA,ก้อ,ลี้,ลำพูน,อุทยานแห่งชาติแม่ปิง,DNP
17.57804,98.84563,483620,1943509,47Q,17/02/2019,1312,S,1,NASA,ก้อ,ลี้,ลำพูน,อุทยานแห่งชาติแม่ปิง,DNP
17.57872,98.84935,484014,1943584,47Q,17/02/2019,1312,S,1,NASA,ก้อ,ลี้,ลำพูน,อุทยานแห่งชาติแม่ปิง,DNP
17.58072,98.83747,482754,1943806,47Q,17/02/2019,1312,S,1,NASA,ก้อ,ลี้,ลำพูน,อุทยานแห่งชาติแม่ปิง,DNP
17.5814,98.84122,483152,1943881,47Q,17/02/2019,1312,S,1,NASA,ก้อ,ลี้,ลำพูน,อุทยานแห่งชาติแม่ปิง,DNP
17.58208,98.84498,483551,1943956,47Q,17/02/2019,1312,S,1,NASA,ก้อ,ลี้,ลำพูน,อุทยานแห่งชาติแม่ปิง,DNP
17.5866,98.77763,476405,1944463,47Q,17/02/2019,1312,S,1,NASA,ก้อ,ลี้,ลำพูน,อุทยานแห่งชาติแม่ปิง,DNP
17.60895,98.85564,484684,1946928,47Q,17/02/2019,1312,S,1,NASA,ก้อ,ลี้,ลำพูน,อุทยานแห่งชาติแม่ปิง,DNP
17.61227,98.85099,484191,1947296,47Q,17/02/2019,1312,S,1,NASA,ก้อ,ลี้,ลำพูน,อุทยานแห่งชาติแม่ปิง,DNP
17.63929,98.63309,461080,1950316,47Q,17/02/2019,1312,S,1,NASA,บ้านนา,สามเงา,ตาก,เขตห้ามล่าสัตว์ป่าอมก๋อย,DNP
17.65133,98.62979,460732,1951649,47Q,17/02/2019,1312,S,1,NASA,บ้านนา,สามเงา,ตาก,เขตห้ามล่าสัตว์ป่าอมก๋อย,DNP
17.65306,99.07959,508442,1951804,47Q,17/02/2019,1312,S,1,NASA,นาโป่ง,เถิน,ลำปาง,อุทยานแห่งชาติดอยจง,DNP
17.68815,98.57687,455128,1955735,47Q,17/02/2019,1312,S,1,NASA,บ้านนา,สามเงา,ตาก,เขตห้ามล่าสัตว์ป่าอมก๋อย,DNP
17.69226,98.57624,455062,1956189,47Q,17/02/2019,1312,S,1,NASA,บ้านนา,สามเงา,ตาก,เขตห้ามล่าสัตว์ป่าอมก๋อย,DNP
17.69637,98.57562,454997,1956644,47Q,17/02/2019,1312,S,1,NASA,บ้านนา,สามเงา,ตาก,เขตห้ามล่าสัตว์ป่าอมก๋อย,DNP
17.69822,98.8422,483267,1956805,47Q,17/02/2019,1312,S,1,NASA,แม่ลาน,ลี้,ลำพูน,อุทยานแห่งชาติแม่ปิง,DNP
17.70045,98.57485,454917,1957096,47Q,17/02/2019,1312,S,1,NASA,บ้านนา,สามเงา,ตาก,เขตห้ามล่าสัตว์ป่าอมก๋อย,DNP
17.71453,98.70081,468276,1958628,47Q,17/02/2019,1312,S,1,NASA,บ้านนา,สามเงา,ตาก,เขตห้ามล่าสัตว์ป่าอมก๋อย,DNP
17.72759,98.82072,480992,1960057,47Q,17/02/2019,1312,S,1,NASA,แม่ลาน,ลี้,ลำพูน,อุทยานแห่งชาติแม่ปิง,DNP
17.73505,98.60721,458356,1960916,47Q,17/02/2019,1312,S,1,NASA,บ้านนา,สามเงา,ตาก,เขตห้ามล่าสัตว์ป่าอมก๋อย,DNP
17.73645,98.80043,478842,1961039,47Q,17/02/2019,1312,S,1,NASA,แม่ลาน,ลี้,ลำพูน,อุทยานแห่งชาติแม่ปิง,DNP
17.74691,98.81245,480117,1962195,47Q,17/02/2019,1312,S,1,NASA,แม่ลาน,ลี้,ลำพูน,อุทยานแห่งชาติแม่ปิง,DNP
17.7476,98.81192,480061,1962271,47Q,17/02/2019,1312,S,1,NASA,แม่ลาน,ลี้,ลำพูน,อุทยานแห่งชาติแม่ปิง,DNP
17.74903,98.80098,478902,1962431,47Q,17/02/2019,1312,S,1,NASA,แม่ลาน,ลี้,ลำพูน,อุทยานแห่งชาติแม่ปิง,DNP
17.74966,98.80051,478852,1962500,47Q,17/02/2019,1312,S,1,NASA,แม่ลาน,ลี้,ลำพูน,อุทยานแห่งชาติแม่ปิง,DNP
17.75029,98.80396,479218,1962570,47Q,17/02/2019,1312,S,1,NASA,แม่ลาน,ลี้,ลำพูน,อุทยานแห่งชาติแม่ปิง,DNP
17.7543,98.80313,479130,1963014,47Q,17/02/2019,1312,S,1,NASA,แม่ลาน,ลี้,ลำพูน,อุทยานแห่งชาติแม่ปิง,DNP
17.75495,98.80669,479508,1963085,47Q,17/02/2019,1312,S,1,NASA,แม่ลาน,ลี้,ลำพูน,อุทยานแห่งชาติแม่ปิง,DNP
17.75561,98.81029,479889,1963158,47Q,17/02/2019,1312,S,1,NASA,แม่ลาน,ลี้,ลำพูน,อุทยานแห่งชาติแม่ปิง,DNP
17.75896,98.80588,479422,1963529,47Q,17/02/2019,1312,S,1,NASA,แม่ลาน,ลี้,ลำพูน,อุทยานแห่งชาติแม่ปิง,DNP
17.75962,98.80949,479805,1963601,47Q,17/02/2019,1312,S,1,NASA,แม่ลาน,ลี้,ลำพูน,อุทยานแห่งชาติแม่ปิง,DNP
17.76698,98.80422,479247,1964416,47Q,17/02/2019,1312,S,1,NASA,แม่ลาน,ลี้,ลำพูน,อุทยานแห่งชาติแม่ปิง,DNP
17.76764,98.80783,479630,1964489,47Q,17/02/2019,1312,S,1,NASA,แม่ลาน,ลี้,ลำพูน,อุทยานแห่งชาติแม่ปิง,DNP
17.77047,98.77773,476440,1964805,47Q,17/02/2019,1312,S,1,NASA,แม่ลาน,ลี้,ลำพูน,อุทยานแห่งชาติแม่ปิง,DNP
17.77577,98.78396,477101,1965391,47Q,17/02/2019,1312,S,1,NASA,แม่ลาน,ลี้,ลำพูน,อุทยานแห่งชาติแม่ปิง,DNP
17.77642,98.78757,477483,1965463,47Q,17/02/2019,1312,S,1,NASA,แม่ลาน,ลี้,ลำพูน,อุทยานแห่งชาติแม่ปิง,DNP
17.77707,98.79111,477859,1965534,47Q,17/02/2019,1312,S,1,NASA,แม่ลาน,ลี้,ลำพูน,อุทยานแห่งชาติแม่ปิง,DNP
17.78172,98.79379,478143,1966048,47Q,17/02/2019,1312,S,1,NASA,แม่ลาน,ลี้,ลำพูน,อุทยานแห่งชาติแม่ปิง,DNP
17.79905,98.68195,466292,1967982,47Q,17/02/2019,1312,S,1,NASA,บ้านนา,สามเงา,ตาก,เขตห้ามล่าสัตว์ป่าอมก๋อย,DNP
17.80242,98.67735,465805,1968356,47Q,17/02/2019,1312,S,1,NASA,บ้านนา,สามเงา,ตาก,เขตห้ามล่าสัตว์ป่าอมก๋อย,DNP
17.80646,98.67653,465719,1968803,47Q,17/02/2019,1312,S,1,NASA,บ้านนา,สามเงา,ตาก,เขตห้ามล่าสัตว์ป่าอมก๋อย,DNP
17.8112,98.70309,468535,1969323,47Q,17/02/2019,1312,S,1,NASA,มืดกา,ดอยเต่า,เชียงใหม่,อุทยานแห่งชาติแม่ปิง,DNP
17.81142,98.65752,463706,1969355,47Q,17/02/2019,1312,S,1,NASA,บ้านนา,สามเงา,ตาก,เขตห้ามล่าสัตว์ป่าอมก๋อย,DNP
17.81262,98.66418,464412,1969487,47Q,17/02/2019,1312,S,1,NASA,บ้านนา,สามเงา,ตาก,เขตห้ามล่าสัตว์ป่าอมก๋อย,DNP
17.81481,98.65301,463228,1969731,47Q,17/02/2019,1312,S,1,NASA,บ้านนา,สามเงา,ตาก,เขตห้ามล่าสัตว์ป่าอมก๋อย,DNP
17.81606,98.66,463969,1969868,47Q,17/02/2019,1312,S,1,NASA,บ้านนา,สามเงา,ตาก,เขตห้ามล่าสัตว์ป่าอมก๋อย,DNP
17.81668,98.66348,464338,1969936,47Q,17/02/2019,1312,S,1,NASA,บ้านนา,สามเงา,ตาก,เขตห้ามล่าสัตว์ป่าอมก๋อย,DNP
17.82074,98.66275,464262,1970385,47Q,17/02/2019,1312,S,1,NASA,บ้านนา,สามเงา,ตาก,เขตห้ามล่าสัตว์ป่าอมก๋อย,DNP
17.83969,98.63235,461044,1972488,47Q,17/02/2019,1312,S,1,NASA,มืดกา,ดอยเต่า,เชียงใหม่,เขตห้ามล่าสัตว์ป่าอมก๋อย,DNP
17.84028,98.6356,461389,1972553,47Q,17/02/2019,1312,S,1,NASA,มืดกา,ดอยเต่า,เชียงใหม่,เขตห้ามล่าสัตว์ป่าอมก๋อย,DNP
17.84159,98.64274,462146,1972696,47Q,17/02/2019,1312,S,1,NASA,มืดกา,ดอยเต่า,เชียงใหม่,เขตห้ามล่าสัตว์ป่าอมก๋อย,DNP
17.84292,98.64996,462911,1972842,47Q,17/02/2019,1312,S,1,NASA,มืดกา,ดอยเต่า,เชียงใหม่,เขตห้ามล่าสัตว์ป่าอมก๋อย,DNP
17.84694,98.64902,462812,1973287,47Q,17/02/2019,1312,S,1,NASA,มืดกา,ดอยเต่า,เชียงใหม่,เขตห้ามล่าสัตว์ป่าอมก๋อย,DNP
17.8476,98.65258,463190,1973359,47Q,17/02/2019,1312,S,1,NASA,มืดกา,ดอยเต่า,เชียงใหม่,เขตห้ามล่าสัตว์ป่าอมก๋อย,DNP
17.85209,98.67695,465773,1973851,47Q,17/02/2019,1312,S,1,NASA,มืดกา,ดอยเต่า,เชียงใหม่,อุทยานแห่งชาติแม่ปิง,DNP
17.85395,98.59557,457151,1974074,47Q,17/02/2019,1312,S,1,NASA,มืดกา,ดอยเต่า,เชียงใหม่,เขตห้ามล่าสัตว์ป่าอมก๋อย,DNP
17.86116,98.61202,458895,1974868,47Q,17/02/2019,1312,S,1,NASA,มืดกา,ดอยเต่า,เชียงใหม่,เขตห้ามล่าสัตว์ป่าอมก๋อย,DNP
18.08008,98.45923,442778,1999129,47Q,17/02/2019,1312,S,1,NASA,บ่อหลวง,ฮอด,เชียงใหม่,อุทยานแห่งชาติออบหลวง,DNP
18.11193,98.58873,456489,2002618,47Q,17/02/2019,1312,S,1,NASA,ฮอด,ฮอด,เชียงใหม่,อุทยานแห่งชาติออบหลวง,DNP
18.11601,98.58812,456426,2003069,47Q,17/02/2019,1312,S,1,NASA,ฮอด,ฮอด,เชียงใหม่,อุทยานแห่งชาติออบหลวง,DNP
18.11666,98.59174,456809,2003140,47Q,17/02/2019,1312,S,1,NASA,ฮอด,ฮอด,เชียงใหม่,อุทยานแห่งชาติออบหลวง,DNP
18.13694,98.58801,456419,2005385,47Q,17/02/2019,1312,S,1,NASA,ฮอด,ฮอด,เชียงใหม่,อุทยานแห่งชาติออบหลวง,DNP
18.13981,98.53585,450902,2005716,47Q,17/02/2019,1312,S,1,NASA,หางดง,ฮอด,เชียงใหม่,อุทยานแห่งชาติออบหลวง,DNP
18.14057,98.5626,453732,2005793,47Q,17/02/2019,1312,S,1,NASA,หางดง,ฮอด,เชียงใหม่,อุทยานแห่งชาติออบหลวง,DNP
18.14079,98.56271,453744,2005817,47Q,17/02/2019,1312,S,1,NASA,หางดง,ฮอด,เชียงใหม่,อุทยานแห่งชาติออบหลวง,DNP
18.14256,98.52796,450068,2006022,47Q,17/02/2019,1312,S,1,NASA,หางดง,ฮอด,เชียงใหม่,อุทยานแห่งชาติออบหลวง,DNP
18.14285,98.46116,443002,2006073,47Q,17/02/2019,1312,S,1,NASA,หางดง,ฮอด,เชียงใหม่,อุทยานแห่งชาติออบหลวง,DNP
18.14528,98.56539,454029,2006313,47Q,17/02/2019,1312,S,1,NASA,หางดง,ฮอด,เชียงใหม่,อุทยานแห่งชาติออบหลวง,DNP
18.14867,98.56102,453567,2006689,47Q,17/02/2019,1312,S,1,NASA,หางดง,ฮอด,เชียงใหม่,อุทยานแห่งชาติออบหลวง,DNP
18.14933,98.56461,453947,2006761,47Q,17/02/2019,1312,S,1,NASA,หางดง,ฮอด,เชียงใหม่,อุทยานแห่งชาติออบหลวง,DNP
18.16606,98.21618,417099,2008735,47Q,17/02/2019,1312,S,1,NASA,บ่อสลี,ฮอด,เชียงใหม่,อุทยานแห่งชาติแม่โถ,DNP
18.17095,98.21957,417460,2009274,47Q,17/02/2019,1312,S,1,NASA,บ่อสลี,ฮอด,เชียงใหม่,อุทยานแห่งชาติแม่โถ,DNP
18.17337,98.46653,443580,2009449,47Q,17/02/2019,1312,S,1,NASA,หางดง,ฮอด,เชียงใหม่,อุทยานแห่งชาติออบหลวง,DNP
18.20641,98.46262,443177,2013105,47Q,17/02/2019,1312,S,1,NASA,หางดง,ฮอด,เชียงใหม่,อุทยานแห่งชาติออบหลวง,DNP
18.20711,98.46653,443591,2013182,47Q,17/02/2019,1312,S,1,NASA,หางดง,ฮอด,เชียงใหม่,อุทยานแห่งชาติออบหลวง,DNP
18.21044,98.46159,443070,2013552,47Q,17/02/2019,1312,S,1,NASA,หางดง,ฮอด,เชียงใหม่,อุทยานแห่งชาติออบหลวง,DNP
18.21112,98.46541,443474,2013626,47Q,17/02/2019,1312,S,1,NASA,หางดง,ฮอด,เชียงใหม่,อุทยานแห่งชาติออบหลวง,DNP
18.21645,98.47153,444123,2014214,47Q,17/02/2019,1312,S,1,NASA,หางดง,ฮอด,เชียงใหม่,อุทยานแห่งชาติออบหลวง,DNP
18.2209,98.29713,425684,2014768,47Q,17/02/2019,1312,S,1,NASA,บ่อสลี,ฮอด,เชียงใหม่,อุทยานแห่งชาติแม่โถ,DNP
18.22459,98.40839,437449,2015135,47Q,17/02/2019,1312,S,1,NASA,บ่อหลวง,ฮอด,เชียงใหม่,อุทยานแห่งชาติแม่โถ,DNP
18.22499,98.29623,425591,2015221,47Q,17/02/2019,1312,S,1,NASA,บ่อสลี,ฮอด,เชียงใหม่,อุทยานแห่งชาติแม่โถ,DNP
18.22565,98.29977,425965,2015292,47Q,17/02/2019,1312,S,1,NASA,บ่อสลี,ฮอด,เชียงใหม่,อุทยานแห่งชาติแม่โถ,DNP
18.22909,98.29537,425501,2015675,47Q,17/02/2019,1312,S,1,NASA,บ่อสลี,ฮอด,เชียงใหม่,อุทยานแห่งชาติแม่โถ,DNP
18.22975,98.29892,425877,2015746,47Q,17/02/2019,1312,S,1,NASA,บ่อสลี,ฮอด,เชียงใหม่,อุทยานแห่งชาติแม่โถ,DNP
18.23524,98.30556,426581,2016351,47Q,17/02/2019,1312,S,1,NASA,บ่อสลี,ฮอด,เชียงใหม่,อุทยานแห่งชาติแม่โถ,DNP
18.23603,98.4699,443957,2016380,47Q,17/02/2019,1312,S,1,NASA,บ้านแปะ,จอมทอง,เชียงใหม่,อุทยานแห่งชาติออบหลวง,DNP
18.23786,98.38866,435368,2016610,47Q,17/02/2019,1312,S,1,NASA,บ่อหลวง,ฮอด,เชียงใหม่,อุทยานแห่งชาติแม่โถ,DNP
18.24277,98.46078,442995,2017129,47Q,17/02/2019,1312,S,1,NASA,บ้านแปะ,จอมทอง,เชียงใหม่,อุทยานแห่งชาติออบหลวง,DNP
18.24722,98.34744,431014,2017660,47Q,17/02/2019,1312,S,1,NASA,บ่อหลวง,ฮอด,เชียงใหม่,อุทยานแห่งชาติแม่โถ,DNP
18.25029,98.31794,427897,2018011,47Q,17/02/2019,1312,S,1,NASA,บ่อหลวง,ฮอด,เชียงใหม่,อุทยานแห่งชาติแม่โถ,DNP
18.25152,98.30151,426160,2018154,47Q,17/02/2019,1312,S,1,NASA,บ้านทับ,แม่แจ่ม,เชียงใหม่,อุทยานแห่งชาติแม่โถ,DNP
18.2522,98.30521,426552,2018228,47Q,17/02/2019,1312,S,1,NASA,บ่อสลี,ฮอด,เชียงใหม่,อุทยานแห่งชาติแม่โถ,DNP
18.28575,98.51148,448367,2021869,47Q,17/02/2019,1312,S,1,NASA,บ้านแปะ,จอมทอง,เชียงใหม่,อุทยานแห่งชาติออบหลวง,DNP
18.2906,98.42256,438971,2022433,47Q,17/02/2019,1312,S,1,NASA,กองแขก,แม่แจ่ม,เชียงใหม่,อุทยานแห่งชาติออบหลวง,DNP
18.29403,98.41822,438513,2022814,47Q,17/02/2019,1312,S,1,NASA,กองแขก,แม่แจ่ม,เชียงใหม่,อุทยานแห่งชาติออบหลวง,DNP
18.29473,98.42209,438923,2022891,47Q,17/02/2019,1312,S,1,NASA,กองแขก,แม่แจ่ม,เชียงใหม่,อุทยานแห่งชาติออบหลวง,DNP
18.29815,98.41769,438459,2023270,47Q,17/02/2019,1312,S,1,NASA,กองแขก,แม่แจ่ม,เชียงใหม่,อุทยานแห่งชาติออบหลวง,DNP
18.29885,98.42156,438868,2023347,47Q,17/02/2019,1312,S,1,NASA,กองแขก,แม่แจ่ม,เชียงใหม่,อุทยานแห่งชาติออบหลวง,DNP
18.29961,98.42573,439309,2023429,47Q,17/02/2019,1312,S,1,NASA,กองแขก,แม่แจ่ม,เชียงใหม่,อุทยานแห่งชาติออบหลวง,DNP
18.3705,99.1363,514399,2031182,47Q,17/02/2019,1312,S,1,NASA,ทาสบเส้า,แม่ทา,ลำพูน,เขตห้ามล่าสัตว์ป่าดอยผาเมือง,DNP
18.38421,98.22198,417815,2032870,47Q,17/02/2019,1312,S,1,NASA,บ้านทับ,แม่แจ่ม,เชียงใหม่,อุทยานแห่งชาติแม่โถ,DNP
18.38767,98.21754,417348,2033255,47Q,17/02/2019,1312,S,1,NASA,บ้านทับ,แม่แจ่ม,เชียงใหม่,อุทยานแห่งชาติแม่โถ,DNP
18.38835,98.22131,417746,2033328,47Q,17/02/2019,1312,S,1,NASA,บ้านทับ,แม่แจ่ม,เชียงใหม่,อุทยานแห่งชาติแม่โถ,DNP
18.43825,98.6137,459207,2038716,47Q,17/02/2019,1312,S,1,NASA,บ้านหลวง,จอมทอง,เชียงใหม่,อุทยานแห่งชาติดอยอินทนนท์,DNP
18.44549,98.6308,461015,2039514,47Q,17/02/2019,1312,S,1,NASA,บ้านหลวง,จอมทอง,เชียงใหม่,อุทยานแห่งชาติดอยอินทนนท์,DNP
18.44947,98.62983,460913,2039954,47Q,17/02/2019,1312,S,1,NASA,บ้านหลวง,จอมทอง,เชียงใหม่,อุทยานแห่งชาติดอยอินทนนท์,DNP
18.52463,98.69866,468195,2048257,47Q,17/02/2019,1312,S,1,NASA,ดอยหล่อ,ดอยหล่อ,เชียงใหม่,อุทยานแห่งชาติแม่วาง,DNP
18.56722,99.15591,516451,2052950,47Q,17/02/2019,1312,S,1,NASA,มะเขือแจ้,เมืองลำพูน,ลำพูน,อุทยานแห่งชาติแม่ตะไคร้,DNP
18.56784,99.15868,516744,2053018,47Q,17/02/2019,1312,S,1,NASA,มะเขือแจ้,เมืองลำพูน,ลำพูน,อุทยานแห่งชาติแม่ตะไคร้,DNP
18.56981,98.72013,470469,2053252,47Q,17/02/2019,1312,S,1,NASA,ทุ่งปี้,แม่วาง,เชียงใหม่,อุทยานแห่งชาติแม่วาง,DNP
18.58998,98.67133,465324,2055492,47Q,17/02/2019,1312,S,1,NASA,สันติสุข,ดอยหล่อ,เชียงใหม่,อุทยานแห่งชาติแม่วาง,DNP
18.61924,98.73296,471831,2058719,47Q,17/02/2019,1312,S,1,NASA,ทุ่งปี้,แม่วาง,เชียงใหม่,อุทยานแห่งชาติออบขาน,DNP
18.6233,98.73258,471791,2059168,47Q,17/02/2019,1312,S,1,NASA,ทุ่งปี้,แม่วาง,เชียงใหม่,อุทยานแห่งชาติออบขาน,DNP
18.62398,98.73629,472183,2059243,47Q,17/02/2019,1312,S,1,NASA,ทุ่งปี้,แม่วาง,เชียงใหม่,อุทยานแห่งชาติออบขาน,DNP
18.62674,98.72887,471400,2059549,47Q,17/02/2019,1312,S,1,NASA,ทุ่งปี้,แม่วาง,เชียงใหม่,อุทยานแห่งชาติออบขาน,DNP
18.62743,98.73266,471800,2059625,47Q,17/02/2019,1312,S,1,NASA,บ้านกาด,แม่วาง,เชียงใหม่,อุทยานแห่งชาติออบขาน,DNP
18.81196,99.67154,570760,2080155,47Q,17/02/2019,1312,S,1,NASA,ปงดอน,แจ้ห่ม,ลำปาง,อุทยานแห่งชาติถ้ำผาไท,DNP
19.1171,99.21095,522187,2113798,47Q,17/02/2019,1312,S,1,NASA,โหล่งขอด,พร้าว,เชียงใหม่,อุทยานแห่งชาติศรีลานนา,DNP
19.24394,99.23358,524548,2127836,47Q,17/02/2019,1312,S,1,NASA,แม่ปั๋ง,พร้าว,เชียงใหม่,อุทยานแห่งชาติศรีลานนา,DNP
19.27773,98.36059,432814,2131682,47Q,17/02/2019,1312,S,1,NASA,เมืองแปง,ปาย,แม่ฮ่องสอน,เขตห้ามล่าสัตว์ป่าลุ่มน้ำปาย,DNP
19.30729,98.50156,447636,2134904,47Q,17/02/2019,1312,S,1,NASA,แม่ฮี้,ปาย,แม่ฮ่องสอน,อุทยานแห่งชาติห้วยน้ำดัง,DNP
19.39022,98.58846,456787,2144057,47Q,17/02/2019,1312,S,1,NASA,เมืองคอง,เชียงดาว,เชียงใหม่,อุทยานแห่งชาติห้วยน้ำดัง,DNP
19.39427,98.5882,456761,2144505,47Q,17/02/2019,1312,S,1,NASA,เมืองคอง,เชียงดาว,เชียงใหม่,อุทยานแห่งชาติห้วยน้ำดัง,DNP
19.42888,98.42992,440154,2148382,47Q,17/02/2019,1312,S,1,NASA,แม่นาเติง,ปาย,แม่ฮ่องสอน,อุทยานแห่งชาติห้วยน้ำดัง,DNP
19.42956,98.43357,440537,2148456,47Q,17/02/2019,1312,S,1,NASA,แม่นาเติง,ปาย,แม่ฮ่องสอน,อุทยานแห่งชาติห้วยน้ำดัง,DNP
19.42982,98.48884,446340,2148467,47Q,17/02/2019,1312,S,1,NASA,เวียงเหนือ,ปาย,แม่ฮ่องสอน,อุทยานแห่งชาติห้วยน้ำดัง,DNP
19.43358,98.43291,440469,2148901,47Q,17/02/2019,1312,S,1,NASA,แม่นาเติง,ปาย,แม่ฮ่องสอน,อุทยานแห่งชาติห้วยน้ำดัง,DNP
19.43507,98.41855,438962,2149071,47Q,17/02/2019,1312,S,1,NASA,แม่นาเติง,ปาย,แม่ฮ่องสอน,อุทยานแห่งชาติห้วยน้ำดัง,DNP
19.45284,98.40256,437291,2151043,47Q,17/02/2019,1312,S,1,NASA,แม่นาเติง,ปาย,แม่ฮ่องสอน,อุทยานแห่งชาติห้วยน้ำดัง,DNP
19.45957,98.39407,436402,2151791,47Q,17/02/2019,1312,S,1,NASA,แม่นาเติง,ปาย,แม่ฮ่องสอน,อุทยานแห่งชาติห้วยน้ำดัง,DNP
19.56091,99.04107,504308,2162893,47Q,17/02/2019,1312,S,1,NASA,ปิงโค้ง,เชียงดาว,เชียงใหม่,อุทยานแห่งชาติผาแดง,DNP
19.57159,98.65073,463367,2164112,47Q,17/02/2019,1312,S,1,NASA,เมืองแหง,เวียงแหง,เชียงใหม่,อุทยานแห่งชาติผาแดง,DNP
19.5755,98.64983,463273,2164545,47Q,17/02/2019,1312,S,1,NASA,เมืองแหง,เวียงแหง,เชียงใหม่,อุทยานแห่งชาติผาแดง,DNP
18.40478,100.87373,697929,2035992,47Q,17/02/2019,1312,S,1,NASA,น้ำมวบ,เวียงสา,น่าน,อุทยานแห่งชาติศรีน่าน,DNP
18.40909,100.87757,698330,2036473,47Q,17/02/2019,1312,S,1,NASA,น้ำมวบ,เวียงสา,น่าน,อุทยานแห่งชาติศรีน่าน,DNP
18.8549,100.21751,628261,2085213,47Q,17/02/2019,1312,S,1,NASA,บ้านมาง,เชียงม่วน,พะเยา,อุทยานแห่งชาติดอยภูนาง,DNP
18.89065,100.2088,627316,2089163,47Q,17/02/2019,1312,S,1,NASA,บ้านมาง,เชียงม่วน,พะเยา,อุทยานแห่งชาติดอยภูนาง,DNP
18.90774,100.24226,630828,2091079,47Q,17/02/2019,1312,S,1,NASA,บ้านมาง,เชียงม่วน,พะเยา,อุทยานแห่งชาติดอยภูนาง,DNP
19.03622,100.22833,629261,2105287,47Q,17/02/2019,1312,S,1,NASA,ปง,ปง,พะเยา,อุทยานแห่งชาติดอยภูนาง,DNP
15.26072,105.48133,551684,1687220,48P,17/02/2019,1312,S,1,NASA,คำเขื่อนแก้ว,สิรินธร,อุบลราชธานี,อุทยานแห่งชาติแก่งตะนะ,DNP
15.2628,105.4803,551573,1687450,48P,17/02/2019,1312,S,1,NASA,คำเขื่อนแก้ว,สิรินธร,อุบลราชธานี,อุทยานแห่งชาติแก่งตะนะ,DNP
15.50352,105.53095,556946,1714089,48P,17/02/2019,1312,S,1,NASA,นาโพธิ์กลาง,โขงเจียม,อุบลราชธานี,อุทยานแห่งชาติผาแต้ม,DNP
15.50659,105.57515,561686,1714441,48P,17/02/2019,1312,S,1,NASA,นาโพธิ์กลาง,โขงเจียม,อุบลราชธานี,อุทยานแห่งชาติผาแต้ม,DNP
15.50993,105.57463,561629,1714810,48P,17/02/2019,1312,S,1,NASA,นาโพธิ์กลาง,โขงเจียม,อุบลราชธานี,อุทยานแห่งชาติผาแต้ม,DNP
15.51046,105.57827,562019,1714870,48P,17/02/2019,1312,S,1,NASA,นาโพธิ์กลาง,โขงเจียม,อุบลราชธานี,อุทยานแห่งชาติผาแต้ม,DNP
15.51274,105.57048,561183,1715120,48P,17/02/2019,1312,S,1,NASA,นาโพธิ์กลาง,โขงเจียม,อุบลราชธานี,อุทยานแห่งชาติผาแต้ม,DNP
16.17595,104.82335,481117,1788406,48Q,17/02/2019,1312,S,1,NASA,คำเขื่อนแก้ว,ชานุมาน,อำนาจเจริญ,อุทยานแห่งชาติภูสระดอกบัว,DNP
16.18365,104.82946,481770,1789257,48Q,17/02/2019,1312,S,1,NASA,คำเขื่อนแก้ว,ชานุมาน,อำนาจเจริญ,อุทยานแห่งชาติภูสระดอกบัว,DNP
16.18419,104.83305,482154,1789317,48Q,17/02/2019,1312,S,1,NASA,คำเขื่อนแก้ว,ชานุมาน,อำนาจเจริญ,อุทยานแห่งชาติภูสระดอกบัว,DNP
16.23843,104.78761,477303,1795321,48Q,17/02/2019,1312,S,1,NASA,ป่าไร่,ดอนตาล,มุกดาหาร,อุทยานแห่งชาติภูสระดอกบัว,DNP
16.29324,104.72729,470865,1801392,48Q,17/02/2019,1312,S,1,NASA,เหล่าหมี,ดอนตาล,มุกดาหาร,อุทยานแห่งชาติภูสระดอกบัว,DNP
16.48482,104.29449,424699,1822696,48Q,17/02/2019,1312,S,1,NASA,โนนยาง,หนองสูง,มุกดาหาร,เขตรักษาพันธุ์สัตว์ป่าถ้ำผาน้ำทิพย์,DNP
16.75589,104.23084,418021,1852709,48Q,17/02/2019,1312,S,1,NASA,กกตูม,ดงหลวง,มุกดาหาร,อุทยานแห่งชาติภูผายล(ห้วยหวด),DNP
19.57366,98.64845,463128,2164342,47Q,17/02/2019,1318,S,1,NASA,เมืองแหง,เวียงแหง,เชียงใหม่,อุทยานแห่งชาติผาแดง,DNP
19.57637,97.89582,384186,2164977,47Q,17/02/2019,1318,S,1,NASA,หมอกจำแป่,เมืองแม่ฮ่องสอน,แม่ฮ่องสอน,อุทยานแห่งชาติถ้ำปลา-ผาเสื่อ,DNP
19.57705,97.89946,384568,2165050,47Q,17/02/2019,1318,S,1,NASA,หมอกจำแป่,เมืองแม่ฮ่องสอน,แม่ฮ่องสอน,อุทยานแห่งชาติถ้ำปลา-ผาเสื่อ,DNP
19.57771,97.90301,384941,2165121,47Q,17/02/2019,1318,S,1,NASA,หมอกจำแป่,เมืองแม่ฮ่องสอน,แม่ฮ่องสอน,อุทยานแห่งชาติถ้ำปลา-ผาเสื่อ,DNP
19.5916,98.56813,454708,2166346,47Q,17/02/2019,1318,S,1,NASA,เมืองแหง,เวียงแหง,เชียงใหม่,อุทยานแห่งชาติห้วยน้ำดัง,DNP
19.66478,98.94938,494694,2174387,47Q,17/02/2019,1318,S,1,NASA,แม่นะ,เชียงดาว,เชียงใหม่,อุทยานแห่งชาติผาแดง,DNP
19.6656,98.72993,471690,2174500,47Q,17/02/2019,1318,S,1,NASA,เปียงหลวง,เวียงแหง,เชียงใหม่,อุทยานแห่งชาติผาแดง,DNP
19.66924,98.99632,499614,2174880,47Q,17/02/2019,1318,S,1,NASA,แม่นะ,เชียงดาว,เชียงใหม่,อุทยานแห่งชาติผาแดง,DNP
19.68087,99.01673,501754,2176167,47Q,17/02/2019,1318,S,1,NASA,แม่นะ,เชียงดาว,เชียงใหม่,อุทยานแห่งชาติผาแดง,DNP
19.69817,99.00224,500235,2178081,47Q,17/02/2019,1318,S,1,NASA,แม่นะ,เชียงดาว,เชียงใหม่,อุทยานแห่งชาติผาแดง,DNP
19.69915,98.80508,479572,2178202,47Q,17/02/2019,1318,S,1,NASA,แม่นะ,เชียงดาว,เชียงใหม่,อุทยานแห่งชาติผาแดง,DNP
19.69985,98.80769,479845,2178279,47Q,17/02/2019,1318,S,1,NASA,แม่นะ,เชียงดาว,เชียงใหม่,อุทยานแห่งชาติผาแดง,DNP
20.0438,99.66596,569645,2216467,47Q,17/02/2019,1318,S,1,NASA,แม่ยาว,เมืองเชียงราย,เชียงราย,อุทยานแห่งชาติลำน้ำกก,DNP
13.02165,99.79868,586605,1439666,47P,17/02/2019,1312,S,1,NASA,ห้วยลึก,บ้านลาด,เพชรบุรี,ป่ายางหัก-เขาปุ้ม,RFD_A
14.57395,99.4794,551640,1611258,47P,17/02/2019,1312,S,1,NASA,หนองปรือ,หนองปรือ,กาญจนบุรี,ป่าหนองรี,RFD_A
14.5746,99.48311,552040,1611331,47P,17/02/2019,1312,S,1,NASA,หนองปรือ,หนองปรือ,กาญจนบุรี,ป่าหนองรี,RFD_A
14.57802,99.47868,551562,1611708,47P,17/02/2019,1312,S,1,NASA,หนองปรือ,หนองปรือ,กาญจนบุรี,ป่าหนองรี,RFD_A
14.57868,99.48243,551966,1611782,47P,17/02/2019,1312,S,1,NASA,หนองปรือ,หนองปรือ,กาญจนบุรี,ป่าหนองรี,RFD_A
13.10676,101.83863,807807,1450672,47P,17/02/2019,1312,S,1,NASA,พวา,แก่งหางแมว,จันทบุรี,ป่าขุนซ่อง,RFD_B
13.98126,102.56628,237089,1547003,48P,17/02/2019,1312,S,1,NASA,แซร์ออ,วัฒนานคร,สระแก้ว,ป่าโคกสูง,RFD_A
14.44641,102.76115,258645,1598275,48P,17/02/2019,1312,S,1,NASA,โคกว่าน,ละหานทราย,บุรีรัมย์,ป่าโคกใหญ่ป่าหนองพระสรวลและป่าหนองหมี,RFD_A
14.44984,102.76056,258585,1598655,48P,17/02/2019,1312,S,1,NASA,ปะคำ,ปะคำ,บุรีรัมย์,ป่าโคกใหญ่ป่าหนองพระสรวลและป่าหนองหมี,RFD_A
14.45046,102.7644,259000,1598720,48P,17/02/2019,1312,S,1,NASA,โคกว่าน,ละหานทราย,บุรีรัมย์,ป่าโคกใหญ่ป่าหนองพระสรวลและป่าหนองหมี,RFD_A
14.49482,104.4426,439936,1602525,48P,17/02/2019,1312,S,1,NASA,บักดอง,ขุนหาญ,ศรีสะเกษ,ป่าเขาพระวิหาร,RFD_A
14.49813,104.44205,439878,1602891,48P,17/02/2019,1312,S,1,NASA,บักดอง,ขุนหาญ,ศรีสะเกษ,ป่าฝั่งขวาห้วยศาลา,RFD_A
14.50145,104.44151,439820,1603259,48P,17/02/2019,1312,S,1,NASA,บักดอง,ขุนหาญ,ศรีสะเกษ,ป่าฝั่งขวาห้วยศาลา,RFD_A
14.63053,105.02215,502385,1617462,48P,17/02/2019,1312,S,1,NASA,ยาง,น้ำยืน,อุบลราชธานี,ป่าฝั่งซ้ายลำโดมใหญ่,RFD_B
14.73449,105.49155,552911,1629017,48P,17/02/2019,1312,S,1,NASA,โพนงาม,บุณฑริก,อุบลราชธานี,ป่าบุณฑริก,RFD_A
14.73782,105.49104,552855,1629386,48P,17/02/2019,1312,S,1,NASA,โพนงาม,บุณฑริก,อุบลราชธานี,ป่าบุณฑริก,RFD_A
14.80748,104.60631,457637,1637070,48P,17/02/2019,1312,S,1,NASA,เสื่องข้าว,ศรีรัตนะ,ศรีสะเกษ,ป่าห้วยทาและป่าห้วยขยุง,RFD_B
15.08142,99.35308,537945,1667362,47P,17/02/2019,1312,S,1,NASA,แก่นมะกรูด,บ้านไร่,อุทัยธานี,ป่าห้วยท่ากวยและป่าห้วยกระเวน,RFD_A
15.16381,99.30263,532510,1676467,47P,17/02/2019,1312,S,1,NASA,แก่นมะกรูด,บ้านไร่,อุทัยธานี,ป่าห้วยขาแข้ง,RFD_A
16.03896,98.80991,479666,1773254,47Q,17/02/2019,1312,S,1,NASA,แม่กลอง,อุ้มผาง,ตาก,ป่าแม่กลองและป่าอุ้มผาง,RFD_B
16.03966,98.81377,480079,1773331,47Q,17/02/2019,1312,S,1,NASA,แม่กลอง,อุ้มผาง,ตาก,ป่าแม่กลองและป่าอุ้มผาง,RFD_B
16.06521,98.81314,480014,1776158,47Q,17/02/2019,1312,S,1,NASA,แม่กลอง,อุ้มผาง,ตาก,ป่าแม่กลองและป่าอุ้มผาง,RFD_A
16.06523,98.83689,482554,1776158,47Q,17/02/2019,1312,S,1,NASA,แม่กลอง,อุ้มผาง,ตาก,ป่าแม่กลองและป่าอุ้มผาง,RFD_B
16.06592,98.81705,480432,1776236,47Q,17/02/2019,1312,S,1,NASA,แม่กลอง,อุ้มผาง,ตาก,ป่าแม่กลองและป่าอุ้มผาง,RFD_B
16.06937,98.8362,482481,1776616,47Q,17/02/2019,1312,S,1,NASA,แม่กลอง,อุ้มผาง,ตาก,ป่าแม่กลองและป่าอุ้มผาง,RFD_B
16.07419,98.81551,480268,1777151,47Q,17/02/2019,1312,S,1,NASA,แม่กลอง,อุ้มผาง,ตาก,ป่าแม่กลองและป่าอุ้มผาง,RFD_B
16.07625,98.82695,481492,1777377,47Q,17/02/2019,1312,S,1,NASA,แม่กลอง,อุ้มผาง,ตาก,ป่าแม่กลองและป่าอุ้มผาง,RFD_B
16.07827,98.79058,477603,1777605,47Q,17/02/2019,1312,S,1,NASA,หนองหลวง,อุ้มผาง,ตาก,ป่าแม่กลองและป่าอุ้มผาง,RFD_B
16.07969,98.82233,480998,1777758,47Q,17/02/2019,1312,S,1,NASA,แม่กลอง,อุ้มผาง,ตาก,ป่าแม่กลองและป่าอุ้มผาง,RFD_B
16.08037,98.82615,481407,1777833,47Q,17/02/2019,1312,S,1,NASA,แม่กลอง,อุ้มผาง,ตาก,ป่าแม่กลองและป่าอุ้มผาง,RFD_B
16.08106,98.82999,481818,1777909,47Q,17/02/2019,1312,S,1,NASA,แม่กลอง,อุ้มผาง,ตาก,ป่าแม่กลองและป่าอุ้มผาง,RFD_B
16.08247,98.814,480108,1778067,47Q,17/02/2019,1312,S,1,NASA,แม่กลอง,อุ้มผาง,ตาก,ป่าแม่กลองและป่าอุ้มผาง,RFD_B
16.08311,98.79374,477941,1778140,47Q,17/02/2019,1312,S,1,NASA,หนองหลวง,อุ้มผาง,ตาก,ป่าแม่กลองและป่าอุ้มผาง,RFD_B
16.08381,98.79762,478356,1778217,47Q,17/02/2019,1312,S,1,NASA,หนองหลวง,อุ้มผาง,ตาก,ป่าแม่กลองและป่าอุ้มผาง,RFD_B
16.09074,98.81245,479943,1778982,47Q,17/02/2019,1312,S,1,NASA,แม่กลอง,อุ้มผาง,ตาก,ป่าแม่กลองและป่าอุ้มผาง,RFD_B
16.09419,98.80788,479454,1779364,47Q,17/02/2019,1312,S,1,NASA,แม่กลอง,อุ้มผาง,ตาก,ป่าแม่กลองและป่าอุ้มผาง,RFD_B
16.09488,98.81172,479865,1779440,47Q,17/02/2019,1312,S,1,NASA,แม่กลอง,อุ้มผาง,ตาก,ป่าแม่กลองและป่าอุ้มผาง,RFD_B
16.0997,98.81478,480193,1779973,47Q,17/02/2019,1312,S,1,NASA,แม่กลอง,อุ้มผาง,ตาก,ป่าแม่กลองและป่าอุ้มผาง,RFD_B
16.10246,98.80629,479285,1780279,47Q,17/02/2019,1312,S,1,NASA,แม่กลอง,อุ้มผาง,ตาก,ป่าแม่กลองและป่าอุ้มผาง,RFD_B
16.10314,98.81014,479697,1780354,47Q,17/02/2019,1312,S,1,NASA,แม่กลอง,อุ้มผาง,ตาก,ป่าแม่กลองและป่าอุ้มผาง,RFD_B
16.10383,98.814,480110,1780429,47Q,17/02/2019,1312,S,1,NASA,แม่กลอง,อุ้มผาง,ตาก,ป่าแม่กลองและป่าอุ้มผาง,RFD_B
16.4774,98.66908,464679,1821773,47Q,17/02/2019,1312,S,1,NASA,ช่องแคบ,พบพระ,ตาก,ป่าช่องแคบและป่าแม่โกนเกน,RFD_B
16.47813,98.6731,465109,1821853,47Q,17/02/2019,1312,S,1,NASA,ช่องแคบ,พบพระ,ตาก,ป่าช่องแคบและป่าแม่โกนเกน,RFD_B
16.49471,98.66996,464777,1823688,47Q,17/02/2019,1312,S,1,NASA,ช่องแคบ,พบพระ,ตาก,ป่าช่องแคบและป่าแม่โกนเกน,RFD_B
16.49497,98.69522,467472,1823712,47Q,17/02/2019,1312,S,1,NASA,ช่องแคบ,พบพระ,ตาก,ป่าช่องแคบและป่าแม่โกนเกน,RFD_B
16.62812,98.81035,479774,1838426,47Q,17/02/2019,1312,S,1,NASA,พะวอ,แม่สอด,ตาก,ป่าแม่สอด,RFD_A
17.07633,98.88976,488270,1888002,47Q,17/02/2019,1312,S,1,NASA,ท้องฟ้า,บ้านตาก,ตาก,ป่าแม่ตื่น,RFD_A
17.13749,99.14062,514957,1894770,47Q,17/02/2019,1312,S,1,NASA,แม่สลิด,บ้านตาก,ตาก,ป่าแม่สลิดและป่าโป่งแดง,RFD_A
17.1381,99.1441,515327,1894838,47Q,17/02/2019,1312,S,1,NASA,แม่สลิด,บ้านตาก,ตาก,ป่าแม่สลิดและป่าโป่งแดง,RFD_A
17.13873,99.14766,515706,1894908,47Q,17/02/2019,1312,S,1,NASA,แม่สลิด,บ้านตาก,ตาก,ป่าแม่สลิดและป่าโป่งแดง,RFD_A
17.14207,99.14328,515240,1895277,47Q,17/02/2019,1312,S,1,NASA,แม่สลิด,บ้านตาก,ตาก,ป่าแม่สลิดและป่าโป่งแดง,RFD_A
17.14541,99.13887,514770,1895646,47Q,17/02/2019,1312,S,1,NASA,แม่สลิด,บ้านตาก,ตาก,ป่าแม่สลิดและป่าโป่งแดง,RFD_B
17.16202,98.9928,499234,1897479,47Q,17/02/2019,1312,S,1,NASA,ย่านรี,สามเงา,ตาก,ป่าแม่ตื่น,RFD_A
17.16605,98.99214,499164,1897924,47Q,17/02/2019,1312,S,1,NASA,ย่านรี,สามเงา,ตาก,ป่าแม่ตื่น,RFD_A
17.16955,98.98856,498783,1898312,47Q,17/02/2019,1312,S,1,NASA,ย่านรี,สามเงา,ตาก,ป่าแม่ตื่น,RFD_A
17.17008,98.99152,499098,1898370,47Q,17/02/2019,1312,S,1,NASA,ย่านรี,สามเงา,ตาก,ป่าแม่ตื่น,RFD_A
17.17525,98.99712,499694,1898942,47Q,17/02/2019,1312,S,1,NASA,ย่านรี,สามเงา,ตาก,ป่าแม่ตื่น,RFD_A
17.17585,99.0005,500053,1899009,47Q,17/02/2019,1312,S,1,NASA,ย่านรี,สามเงา,ตาก,ป่าแม่ตื่น,RFD_A
17.17647,99.00391,500416,1899077,47Q,17/02/2019,1312,S,1,NASA,ย่านรี,สามเงา,ตาก,ป่าแม่ตื่น,RFD_A
17.17711,99.20277,521563,1899159,47Q,17/02/2019,1312,S,1,NASA,แม่สลิด,บ้านตาก,ตาก,ป่าแม่สลิดและป่าโป่งแดง,RFD_A
17.17933,98.99677,499657,1899394,47Q,17/02/2019,1312,S,1,NASA,ย่านรี,สามเงา,ตาก,ป่าแม่ตื่น,RFD_A
17.18003,99.2062,521928,1899483,47Q,17/02/2019,1312,S,1,NASA,แม่สลิด,บ้านตาก,ตาก,ป่าแม่สลิดและป่าโป่งแดง,RFD_A
15.16418,99.80019,585963,1676642,47P,17/02/2019,1312,S,1,NASA,สะพานหิน,หนองมะโมง,ชัยนาท,ป่าเขาช่องลมและป่าเขาหลัก,RFD_B
15.17089,101.23811,740475,1678457,47P,17/02/2019,1312,S,1,NASA,บัวชุม,ชัยบาดาล,ลพบุรี,ป่าชัยบาดาล,RFD_B
15.29171,101.04445,719533,1691624,47P,17/02/2019,1312,S,1,NASA,บ้านใหม่สามัคคี,ชัยบาดาล,ลพบุรี,ป่าวังเพลิงป่าม่วงค่อมและป่าลำนารายณ์,RFD_B
17.39669,98.44861,441432,1923524,47Q,17/02/2019,1312,S,1,NASA,แม่ตื่น,อมก๋อย,เชียงใหม่,ป่าอมก๋อย,RFD_A
17.42287,98.45135,441732,1926420,47Q,17/02/2019,1312,S,1,NASA,แม่ตื่น,อมก๋อย,เชียงใหม่,ป่าอมก๋อย,RFD_B
17.43247,98.99003,498941,1927398,47Q,17/02/2019,1312,S,1,NASA,ยกกระบัตร,สามเงา,ตาก,ป่าฝั่งซ้ายแม่น้ำปิง,RFD_A
17.47999,98.97422,497263,1932655,47Q,17/02/2019,1312,S,1,NASA,แม่พริก,แม่พริก,ลำปาง,ป่าแม่พริก,RFD_A
17.48733,98.96911,496721,1933467,47Q,17/02/2019,1312,S,1,NASA,แม่พริก,แม่พริก,ลำปาง,ป่าแม่พริก,RFD_A
17.53861,98.95536,495262,1939141,47Q,17/02/2019,1312,S,1,NASA,แม่พริก,แม่พริก,ลำปาง,ป่าแม่พริก,RFD_A
17.63275,98.91926,491435,1949557,47Q,17/02/2019,1312,S,1,NASA,แม่พริก,แม่พริก,ลำปาง,ป่าแม่พริก,RFD_A
17.6449,98.91782,491283,1950901,47Q,17/02/2019,1312,S,1,NASA,นาทราย,ลี้,ลำพูน,ป่าแม่ลี้,RFD_A
17.65868,98.92559,492108,1952425,47Q,17/02/2019,1312,S,1,NASA,นาทราย,ลี้,ลำพูน,ป่าแม่ลี้,RFD_B
17.66095,98.88818,488140,1952679,47Q,17/02/2019,1312,S,1,NASA,ก้อ,ลี้,ลำพูน,ป่าแม่ลี้,RFD_A
17.66499,98.88761,488080,1953126,47Q,17/02/2019,1312,S,1,NASA,ก้อ,ลี้,ลำพูน,ป่าแม่ลี้,RFD_A
17.74146,98.85194,484303,1961588,47Q,17/02/2019,1312,S,1,NASA,แม่ลาน,ลี้,ลำพูน,ป่าแม่หาดและป่าแม่ก้อ,RFD_A
17.82878,98.93967,493607,1971244,47Q,17/02/2019,1312,S,1,NASA,ป่าไผ่,ลี้,ลำพูน,ป่าขุนแม่ลี้,RFD_B
17.88424,98.55374,452727,1977435,47Q,17/02/2019,1312,S,1,NASA,มืดกา,ดอยเต่า,เชียงใหม่,ป่าแม่แจ่มและป่าแม่ตื่น,RFD_A
17.88927,98.88007,487296,1977939,47Q,17/02/2019,1312,S,1,NASA,ป่าไผ่,ลี้,ลำพูน,ป่าแม่ตืนและป่าแม่แนต,RFD_A
17.89123,98.54576,451883,1978210,47Q,17/02/2019,1312,S,1,NASA,มืดกา,ดอยเต่า,เชียงใหม่,ป่าแม่แจ่มและป่าแม่ตื่น,RFD_A
17.89184,98.54913,452240,1978277,47Q,17/02/2019,1312,S,1,NASA,มืดกา,ดอยเต่า,เชียงใหม่,ป่าแม่แจ่มและป่าแม่ตื่น,RFD_A
17.89471,98.54166,451450,1978596,47Q,17/02/2019,1312,S,1,NASA,มืดกา,ดอยเต่า,เชียงใหม่,ป่าแม่แจ่มและป่าแม่ตื่น,RFD_A
17.89594,98.54846,452170,1978731,47Q,17/02/2019,1312,S,1,NASA,มืดกา,ดอยเต่า,เชียงใหม่,ป่าแม่แจ่มและป่าแม่ตื่น,RFD_A
17.90828,98.61707,459441,1980080,47Q,17/02/2019,1312,S,1,NASA,มืดกา,ดอยเต่า,เชียงใหม่,ป่าแม่แจ่มและป่าแม่ตื่น,RFD_A
17.91237,98.61649,459380,1980532,47Q,17/02/2019,1312,S,1,NASA,มืดกา,ดอยเต่า,เชียงใหม่,ป่าแม่แจ่มและป่าแม่ตื่น,RFD_A
17.91269,98.59486,457089,1980573,47Q,17/02/2019,1312,S,1,NASA,มืดกา,ดอยเต่า,เชียงใหม่,ป่าแม่แจ่มและป่าแม่ตื่น,RFD_A
17.91332,98.5984,457465,1980641,47Q,17/02/2019,1312,S,1,NASA,มืดกา,ดอยเต่า,เชียงใหม่,ป่าแม่แจ่มและป่าแม่ตื่น,RFD_A
17.91378,98.87864,487146,1980651,47Q,17/02/2019,1312,S,1,NASA,แม่ตืน,ลี้,ลำพูน,ป่าแม่ตืนและป่าแม่แนต,RFD_B
17.91582,98.61229,458936,1980915,47Q,17/02/2019,1312,S,1,NASA,มืดกา,ดอยเต่า,เชียงใหม่,ป่าแม่แจ่มและป่าแม่ตื่น,RFD_A
17.91618,98.59094,456675,1980960,47Q,17/02/2019,1312,S,1,NASA,มืดกา,ดอยเต่า,เชียงใหม่,ป่าแม่แจ่มและป่าแม่ตื่น,RFD_A
17.91681,98.59447,457049,1981029,47Q,17/02/2019,1312,S,1,NASA,มืดกา,ดอยเต่า,เชียงใหม่,ป่าแม่แจ่มและป่าแม่ตื่น,RFD_A
17.91717,98.96565,496362,1981022,47Q,17/02/2019,1312,S,1,NASA,แม่ตืน,ลี้,ลำพูน,ป่าแม่ตืนและป่าแม่แนต,RFD_B
17.91969,98.58708,456267,1981349,47Q,17/02/2019,1312,S,1,NASA,มืดกา,ดอยเต่า,เชียงใหม่,ป่าแม่แจ่มและป่าแม่ตื่น,RFD_A
17.92031,98.59057,456637,1981417,47Q,17/02/2019,1312,S,1,NASA,มืดกา,ดอยเต่า,เชียงใหม่,ป่าแม่แจ่มและป่าแม่ตื่น,RFD_A
17.92214,98.97038,496863,1981572,47Q,17/02/2019,1312,S,1,NASA,แม่ตืน,ลี้,ลำพูน,ป่าแม่ตืนและป่าแม่แนต,RFD_A
17.92338,98.5863,456185,1981757,47Q,17/02/2019,1312,S,1,NASA,มืดกา,ดอยเต่า,เชียงใหม่,ป่าแม่แจ่มและป่าแม่ตื่น,RFD_A
17.92377,98.58642,456198,1981800,47Q,17/02/2019,1312,S,1,NASA,มืดกา,ดอยเต่า,เชียงใหม่,ป่าแม่แจ่มและป่าแม่ตื่น,RFD_A
17.92962,98.62007,459763,1982440,47Q,17/02/2019,1312,S,1,NASA,ท่าเดื่อ,ดอยเต่า,เชียงใหม่,ป่าแม่แจ่มและป่าแม่ตื่น,RFD_A
17.92984,98.62029,459787,1982464,47Q,17/02/2019,1312,S,1,NASA,ท่าเดื่อ,ดอยเต่า,เชียงใหม่,ป่าแม่แจ่มและป่าแม่ตื่น,RFD_A
17.93074,98.44334,441047,1982611,47Q,17/02/2019,1312,S,1,NASA,อมก๋อย,อมก๋อย,เชียงใหม่,ป่าแม่แจ่มและป่าแม่ตื่น,RFD_A
17.93114,98.60557,458228,1982611,47Q,17/02/2019,1312,S,1,NASA,ท่าเดื่อ,ดอยเต่า,เชียงใหม่,ป่าแม่แจ่มและป่าแม่ตื่น,RFD_A
17.93143,98.60574,458246,1982643,47Q,17/02/2019,1312,S,1,NASA,ท่าเดื่อ,ดอยเต่า,เชียงใหม่,ป่าแม่แจ่มและป่าแม่ตื่น,RFD_A
17.93241,98.61246,458958,1982750,47Q,17/02/2019,1312,S,1,NASA,ท่าเดื่อ,ดอยเต่า,เชียงใหม่,ป่าแม่แจ่มและป่าแม่ตื่น,RFD_A
17.95537,98.88042,487338,1985252,47Q,17/02/2019,1312,S,1,NASA,แม่ตืน,ลี้,ลำพูน,ป่าแม่ตืนและป่าแม่แนต,RFD_B
17.96965,98.82122,481071,1986837,47Q,17/02/2019,1312,S,1,NASA,โปงทุ่ง,ดอยเต่า,เชียงใหม่,ป่าแม่หาด,RFD_A
17.98797,98.59486,457108,1988901,47Q,17/02/2019,1312,S,1,NASA,ท่าเดื่อ,ดอยเต่า,เชียงใหม่,ป่าแม่แจ่มและป่าแม่ตื่น,RFD_A
17.99132,98.59016,456611,1989273,47Q,17/02/2019,1312,S,1,NASA,นาคอเรือ,ฮอด,เชียงใหม่,ป่าแม่แจ่มและป่าแม่ตื่น,RFD_A
17.99197,98.59377,456993,1989344,47Q,17/02/2019,1312,S,1,NASA,ท่าเดื่อ,ดอยเต่า,เชียงใหม่,ป่าแม่แจ่มและป่าแม่ตื่น,RFD_A
18.00018,98.82269,481229,1990214,47Q,17/02/2019,1312,S,1,NASA,แม่ตืน,ลี้,ลำพูน,ป่าแม่ตืนและป่าแม่แนต,RFD_A
18.00272,98.58354,455913,1990536,47Q,17/02/2019,1312,S,1,NASA,นาคอเรือ,ฮอด,เชียงใหม่,ป่าแม่แจ่มและป่าแม่ตื่น,RFD_A
18.00555,98.50574,447677,1990869,47Q,17/02/2019,1312,S,1,NASA,นาคอเรือ,ฮอด,เชียงใหม่,ป่าแม่แจ่มและป่าแม่ตื่น,RFD_A
18.0067,98.58231,455784,1990977,47Q,17/02/2019,1312,S,1,NASA,นาคอเรือ,ฮอด,เชียงใหม่,ป่าแม่แจ่มและป่าแม่ตื่น,RFD_A
18.00735,98.58596,456170,1991048,47Q,17/02/2019,1312,S,1,NASA,นาคอเรือ,ฮอด,เชียงใหม่,ป่าแม่แจ่มและป่าแม่ตื่น,RFD_A
18.01004,98.57753,455278,1991347,47Q,17/02/2019,1312,S,1,NASA,นาคอเรือ,ฮอด,เชียงใหม่,ป่าแม่แจ่มและป่าแม่ตื่น,RFD_A
18.01307,98.48559,445547,1991707,47Q,17/02/2019,1312,S,1,NASA,นาคอเรือ,ฮอด,เชียงใหม่,ป่าแม่แจ่มและป่าแม่ตื่น,RFD_A
18.01445,98.48475,445458,1991860,47Q,17/02/2019,1312,S,1,NASA,นาคอเรือ,ฮอด,เชียงใหม่,ป่าแม่แจ่มและป่าแม่ตื่น,RFD_A
18.01508,98.48829,445833,1991929,47Q,17/02/2019,1312,S,1,NASA,นาคอเรือ,ฮอด,เชียงใหม่,ป่าแม่แจ่มและป่าแม่ตื่น,RFD_A
18.01648,98.48115,445078,1992086,47Q,17/02/2019,1312,S,1,NASA,นาคอเรือ,ฮอด,เชียงใหม่,ป่าแม่แจ่มและป่าแม่ตื่น,RFD_A
18.01712,98.48462,445445,1992156,47Q,17/02/2019,1312,S,1,NASA,นาคอเรือ,ฮอด,เชียงใหม่,ป่าแม่แจ่มและป่าแม่ตื่น,RFD_A
18.01777,98.48813,445817,1992226,47Q,17/02/2019,1312,S,1,NASA,นาคอเรือ,ฮอด,เชียงใหม่,ป่าแม่แจ่มและป่าแม่ตื่น,RFD_A
18.01787,98.4803,444988,1992240,47Q,17/02/2019,1312,S,1,NASA,นาคอเรือ,ฮอด,เชียงใหม่,ป่าแม่แจ่มและป่าแม่ตื่น,RFD_A
18.0185,98.48378,445357,1992308,47Q,17/02/2019,1312,S,1,NASA,นาคอเรือ,ฮอด,เชียงใหม่,ป่าแม่แจ่มและป่าแม่ตื่น,RFD_A
18.02251,98.49091,446113,1992750,47Q,17/02/2019,1312,S,1,NASA,นาคอเรือ,ฮอด,เชียงใหม่,ป่าแม่แจ่มและป่าแม่ตื่น,RFD_A
18.03271,98.84258,483338,1993812,47Q,17/02/2019,1312,S,1,NASA,ศรีวิชัย,ลี้,ลำพูน,ป่าแม่ตืนและป่าแม่แนต,RFD_A
18.03837,98.73553,472008,1994451,47Q,17/02/2019,1312,S,1,NASA,บ้านตาล,ฮอด,เชียงใหม่,ป่าแม่ตาลและป่าแม่ยุย,RFD_A
18.04329,98.35062,431271,1995096,47Q,17/02/2019,1312,S,1,NASA,บ่อหลวง,ฮอด,เชียงใหม่,ป่าขุนแม่ลาย,RFD_A
18.04541,98.50063,447148,1995281,47Q,17/02/2019,1312,S,1,NASA,นาคอเรือ,ฮอด,เชียงใหม่,ป่าแม่แจ่มและป่าแม่ตื่น,RFD_A
18.04697,98.46313,443180,1995465,47Q,17/02/2019,1312,S,1,NASA,นาคอเรือ,ฮอด,เชียงใหม่,ป่าแม่แจ่มและป่าแม่ตื่น,RFD_A
18.05792,98.84503,483600,1996600,47Q,17/02/2019,1312,S,1,NASA,ศรีวิชัย,ลี้,ลำพูน,ป่าแม่ตืนและป่าแม่แนต,RFD_B
18.06319,98.43617,440332,1997268,47Q,17/02/2019,1312,S,1,NASA,นาคอเรือ,ฮอด,เชียงใหม่,ป่าแม่แจ่มและป่าแม่ตื่น,RFD_A
18.06997,98.45013,441812,1998013,47Q,17/02/2019,1312,S,1,NASA,นาคอเรือ,ฮอด,เชียงใหม่,ป่าแม่แจ่มและป่าแม่ตื่น,RFD_A
18.07401,98.4491,441704,1998461,47Q,17/02/2019,1312,S,1,NASA,นาคอเรือ,ฮอด,เชียงใหม่,ป่าแม่แจ่มและป่าแม่ตื่น,RFD_A
18.08039,98.9713,496963,1999080,47Q,17/02/2019,1312,S,1,NASA,ศรีวิชัย,ลี้,ลำพูน,ป่าแม่ตืนและป่าแม่แนต,RFD_A
18.09862,98.92624,492196,2001098,47Q,17/02/2019,1312,S,1,NASA,ศรีวิชัย,ลี้,ลำพูน,ป่าแม่ตืนและป่าแม่แนต,RFD_A
18.09997,98.25282,420944,2001406,47Q,17/02/2019,1312,S,1,NASA,บ่อสลี,ฮอด,เชียงใหม่,ป่าขุนแม่ลาย,RFD_A
18.11049,98.42354,439012,2002505,47Q,17/02/2019,1312,S,1,NASA,บ่อหลวง,ฮอด,เชียงใหม่,ป่าแม่แจ่มและป่าแม่ตื่น,RFD_A
18.11167,98.42336,438993,2002636,47Q,17/02/2019,1312,S,1,NASA,บ่อหลวง,ฮอด,เชียงใหม่,ป่าแม่แจ่มและป่าแม่ตื่น,RFD_A
18.11494,98.28738,424608,2003048,47Q,17/02/2019,1312,S,1,NASA,บ่อหลวง,ฮอด,เชียงใหม่,ป่าขุนแม่ลาย,RFD_A
18.11967,98.2204,417523,2003600,47Q,17/02/2019,1312,S,1,NASA,บ่อสลี,ฮอด,เชียงใหม่,ป่าขุนแม่ลาย,RFD_B
18.12038,98.22424,417930,2003677,47Q,17/02/2019,1312,S,1,NASA,บ่อสลี,ฮอด,เชียงใหม่,ป่าขุนแม่ลาย,RFD_B
18.12107,98.228,418328,2003751,47Q,17/02/2019,1312,S,1,NASA,บ่อสลี,ฮอด,เชียงใหม่,ป่าขุนแม่ลาย,RFD_A
18.13011,98.23051,418598,2004751,47Q,17/02/2019,1312,S,1,NASA,บ่อสลี,ฮอด,เชียงใหม่,ป่าขุนแม่ลาย,RFD_B
18.13083,98.23444,419014,2004829,47Q,17/02/2019,1312,S,1,NASA,บ่อสลี,ฮอด,เชียงใหม่,ป่าขุนแม่ลาย,RFD_B
18.14307,98.87679,486967,2006019,47Q,17/02/2019,1312,S,1,NASA,ป่าพลู,บ้านโฮ่ง,ลำพูน,ป่าบ้านโฮ่ง,RFD_B
18.1437,98.88033,487342,2006088,47Q,17/02/2019,1312,S,1,NASA,ศรีวิชัย,ลี้,ลำพูน,ป่าแม่ตืนและป่าแม่แนต,RFD_B
18.14435,98.8839,487719,2006160,47Q,17/02/2019,1312,S,1,NASA,ป่าพลู,บ้านโฮ่ง,ลำพูน,ป่าบ้านโฮ่ง,RFD_A
18.15226,98.65049,463032,2007066,47Q,17/02/2019,1312,S,1,NASA,บ้านตาล,ฮอด,เชียงใหม่,ป่าแม่ตาลและป่าแม่ยุย,RFD_A
18.15259,98.65017,462998,2007103,47Q,17/02/2019,1312,S,1,NASA,บ้านตาล,ฮอด,เชียงใหม่,ป่าแม่ตาลและป่าแม่ยุย,RFD_A
18.15647,98.62598,460440,2007537,47Q,17/02/2019,1312,S,1,NASA,บ้านตาล,ฮอด,เชียงใหม่,ป่าแม่ตาลและป่าแม่ยุย,RFD_B
18.15717,98.62975,460839,2007614,47Q,17/02/2019,1312,S,1,NASA,บ้านตาล,ฮอด,เชียงใหม่,ป่าแม่ตาลและป่าแม่ยุย,RFD_B
18.19823,98.37043,433426,2012231,47Q,17/02/2019,1312,S,1,NASA,บ่อหลวง,ฮอด,เชียงใหม่,ป่าขุนแม่ลาย,RFD_A
18.20986,98.82629,481632,2013413,47Q,17/02/2019,1312,S,1,NASA,ป่าพลู,บ้านโฮ่ง,ลำพูน,ป่าบ้านโฮ่ง,RFD_A
18.22464,98.34022,430242,2015165,47Q,17/02/2019,1312,S,1,NASA,บ่อหลวง,ฮอด,เชียงใหม่,ป่าแม่แจ่ม,RFD_A
18.23281,98.74786,473343,2015961,47Q,17/02/2019,1312,S,1,NASA,แม่สอย,จอมทอง,เชียงใหม่,ป่าท่าธาร,RFD_A
18.23511,98.64524,462494,2016234,47Q,17/02/2019,1312,S,1,NASA,บ้านแปะ,จอมทอง,เชียงใหม่,ป่าท่าธาร,RFD_A
18.23578,98.64899,462891,2016307,47Q,17/02/2019,1312,S,1,NASA,บ้านแปะ,จอมทอง,เชียงใหม่,ป่าท่าธาร,RFD_A
18.24893,98.88297,487628,2017731,47Q,17/02/2019,1312,S,1,NASA,ป่าพลู,บ้านโฮ่ง,ลำพูน,ป่าบ้านโฮ่ง,RFD_A
18.25564,98.80585,479477,2018480,47Q,17/02/2019,1312,S,1,NASA,ป่าพลู,บ้านโฮ่ง,ลำพูน,ป่าบ้านโฮ่ง,RFD_A
18.27252,99.30521,532260,2020363,47Q,17/02/2019,1312,S,1,NASA,ใหม่พัฒนา,เกาะคา,ลำปาง,ป่าแม่ยาว,RFD_A
18.27601,99.30719,532469,2020750,47Q,17/02/2019,1312,S,1,NASA,ใหม่พัฒนา,เกาะคา,ลำปาง,ป่าแม่ยาว,RFD_A
18.27795,98.60606,458362,2020982,47Q,17/02/2019,1312,S,1,NASA,บ้านแปะ,จอมทอง,เชียงใหม่,ป่าจอมทอง,RFD_A
18.29799,98.95126,494849,2023155,47Q,17/02/2019,1312,S,1,NASA,ทาขุมเงิน,แม่ทา,ลำพูน,ป่าแม่ทา,RFD_A
18.3019,98.95032,494750,2023588,47Q,17/02/2019,1312,S,1,NASA,ทาขุมเงิน,แม่ทา,ลำพูน,ป่าแม่ทา,RFD_A
18.30697,98.93278,492896,2024149,47Q,17/02/2019,1312,S,1,NASA,ทาแม่ลอบ,แม่ทา,ลำพูน,ป่าแม่ทา,RFD_A
18.30883,98.94325,494003,2024355,47Q,17/02/2019,1312,S,1,NASA,ทาขุมเงิน,แม่ทา,ลำพูน,ป่าแม่ทา,RFD_A
18.30948,98.93512,493144,2024427,47Q,17/02/2019,1312,S,1,NASA,ทาขุมเงิน,แม่ทา,ลำพูน,ป่าแม่ทา,RFD_A
18.31043,98.94034,493695,2024532,47Q,17/02/2019,1312,S,1,NASA,ทาขุมเงิน,แม่ทา,ลำพูน,ป่าแม่ทา,RFD_A
18.31139,98.94556,494247,2024638,47Q,17/02/2019,1312,S,1,NASA,ทาขุมเงิน,แม่ทา,ลำพูน,ป่าแม่ทา,RFD_A
18.49122,98.65196,463259,2044569,47Q,17/02/2019,1312,S,1,NASA,บ้านหลวง,จอมทอง,เชียงใหม่,ป่าจอมทอง,RFD_A
18.49518,99.17911,518907,2044981,47Q,17/02/2019,1312,S,1,NASA,ทาปลาดุก,แม่ทา,ลำพูน,ป่าแม่ทา,RFD_A
18.53704,99.14349,515144,2049609,47Q,17/02/2019,1312,S,1,NASA,ศรีบัวบาน,เมืองลำพูน,ลำพูน,ป่าแม่ธิแม่ตีบแม่สาร,RFD_A
18.55058,99.15186,516026,2051108,47Q,17/02/2019,1312,S,1,NASA,มะเขือแจ้,เมืองลำพูน,ลำพูน,ป่าแม่ธิแม่ตีบแม่สาร,RFD_A
18.61954,99.2682,528292,2058752,47Q,17/02/2019,1312,S,1,NASA,แม่ทา,แม่ออน,เชียงใหม่,ป่าขุนแม่ทา,RFD_A
18.6251,98.39987,436695,2059452,47Q,17/02/2019,1312,S,1,NASA,แม่นาจร,แม่แจ่ม,เชียงใหม่,ป่าแม่แจ่ม,RFD_B
18.66467,98.27758,423813,2063878,47Q,17/02/2019,1312,S,1,NASA,แม่ศึก,แม่แจ่ม,เชียงใหม่,ป่าแม่แจ่ม,RFD_A
18.66536,98.2813,424205,2063953,47Q,17/02/2019,1312,S,1,NASA,แม่ศึก,แม่แจ่ม,เชียงใหม่,ป่าแม่แจ่ม,RFD_B
18.67488,98.28706,424817,2065004,47Q,17/02/2019,1312,S,1,NASA,แม่ศึก,แม่แจ่ม,เชียงใหม่,ป่าแม่แจ่ม,RFD_A
18.71392,98.38505,435166,2069285,47Q,17/02/2019,1312,S,1,NASA,แม่นาจร,แม่แจ่ม,เชียงใหม่,ป่าแม่แจ่ม,RFD_B
18.8214,97.9054,384666,2081421,47Q,17/02/2019,1312,S,1,NASA,แม่เงา,ขุนยวม,แม่ฮ่องสอน,ป่าแม่เงาและป่าแม่สำเพ็ง,RFD_B
18.82825,99.26443,527860,2081845,47Q,17/02/2019,1312,S,1,NASA,ออนเหนือ,แม่ออน,เชียงใหม่,ป่าแม่ออน,RFD_A
18.84092,98.41567,438440,2083327,47Q,17/02/2019,1312,S,1,NASA,แม่นาจร,แม่แจ่ม,เชียงใหม่,ป่าแม่แจ่ม,RFD_B
18.87122,99.65511,569004,2086706,47Q,17/02/2019,1312,S,1,NASA,ทุ่งผึ้ง,แจ้ห่ม,ลำปาง,ป่าขุนวังแปลงที่หนึ่ง,RFD_A
18.87789,99.64879,568336,2087442,47Q,17/02/2019,1312,S,1,NASA,ทุ่งผึ้ง,แจ้ห่ม,ลำปาง,ป่าขุนวังแปลงที่หนึ่ง,RFD_A
18.89574,99.64226,567641,2089414,47Q,17/02/2019,1312,S,1,NASA,ทุ่งผึ้ง,แจ้ห่ม,ลำปาง,ป่าขุนวังแปลงที่หนึ่ง,RFD_A
18.89866,99.6368,567065,2089735,47Q,17/02/2019,1312,S,1,NASA,ทุ่งผึ้ง,แจ้ห่ม,ลำปาง,ป่าขุนวังแปลงที่หนึ่ง,RFD_A
18.8995,99.64154,567564,2089830,47Q,17/02/2019,1312,S,1,NASA,ทุ่งผึ้ง,แจ้ห่ม,ลำปาง,ป่าขุนวังแปลงที่หนึ่ง,RFD_A
19.20794,98.3214,428665,2123975,47Q,17/02/2019,1312,S,1,NASA,เมืองแปง,ปาย,แม่ฮ่องสอน,ป่าแม่ปายฝั่งซ้ายตอนบน,RFD_A
19.20867,98.32529,429075,2124054,47Q,17/02/2019,1312,S,1,NASA,เมืองแปง,ปาย,แม่ฮ่องสอน,ป่าแม่ปายฝั่งซ้ายตอนบน,RFD_A
19.21121,98.31645,428146,2124339,47Q,17/02/2019,1312,S,1,NASA,เมืองแปง,ปาย,แม่ฮ่องสอน,ป่าแม่ปายฝั่งซ้ายตอนบน,RFD_A
19.21256,98.32373,428912,2124485,47Q,17/02/2019,1312,S,1,NASA,เมืองแปง,ปาย,แม่ฮ่องสอน,ป่าแม่ปายฝั่งซ้ายตอนบน,RFD_A
19.21527,98.33842,430458,2124779,47Q,17/02/2019,1312,S,1,NASA,เมืองแปง,ปาย,แม่ฮ่องสอน,ป่าแม่ปายฝั่งซ้ายตอนบน,RFD_A
19.21649,98.32239,428773,2124921,47Q,17/02/2019,1312,S,1,NASA,เมืองแปง,ปาย,แม่ฮ่องสอน,ป่าแม่ปายฝั่งซ้ายตอนบน,RFD_B
19.21979,98.29484,425878,2125297,47Q,17/02/2019,1312,S,1,NASA,เมืองแปง,ปาย,แม่ฮ่องสอน,ป่าแม่ปายฝั่งซ้ายตอนบน,RFD_A
18.52467,100.60509,669427,2048989,47Q,17/02/2019,1312,S,1,NASA,อ่ายนาไลย,เวียงสา,น่าน,ป่าน้ำสาและป่าแม่สาครฝั่งซ้าย,RFD_A
19.0014,101.22272,733986,2102461,47Q,17/02/2019,1312,S,1,NASA,ภูฟ้า,บ่อเกลือ,น่าน,ป่าดอยภูคาและป่าผาแดง,RFD_A
19.02456,101.18904,730407,2104980,47Q,17/02/2019,1312,S,1,NASA,ภูฟ้า,บ่อเกลือ,น่าน,ป่าดอยภูคาและป่าผาแดง,RFD_B
19.25283,101.05716,716223,2130083,47Q,17/02/2019,1312,S,1,NASA,ภูคา,ปัว,น่าน,ป่าดอยภูคาและป่าผาแดง,RFD_B
19.25634,101.05663,716163,2130471,47Q,17/02/2019,1312,S,1,NASA,ภูคา,ปัว,น่าน,ป่าดอยภูคาและป่าผาแดง,RFD_B
19.25703,101.06071,716591,2130553,47Q,17/02/2019,1312,S,1,NASA,ภูคา,ปัว,น่าน,ป่าดอยภูคาและป่าผาแดง,RFD_B
19.25986,101.05611,716104,2130860,47Q,17/02/2019,1312,S,1,NASA,ภูคา,ปัว,น่าน,ป่าดอยภูคาและป่าผาแดง,RFD_A
15.07912,105.46951,550458,1667131,48P,17/02/2019,1312,S,1,NASA,ช่องเม็ก,สิรินธร,อุบลราชธานี,ป่าห้วยยอดมน,RFD_A
15.51327,105.57412,561573,1715180,48P,17/02/2019,1312,S,1,NASA,นาโพธิ์กลาง,โขงเจียม,อุบลราชธานี,ป่าดงภูโหล่น,RFD_A
15.61645,105.33143,535527,1726538,48P,17/02/2019,1312,S,1,NASA,สงยาง,ศรีเมืองใหม่,อุบลราชธานี,ป่าดงภูโหล่น,RFD_B
15.61698,105.33504,535914,1726597,48P,17/02/2019,1312,S,1,NASA,สงยาง,ศรีเมืองใหม่,อุบลราชธานี,ป่าดงภูโหล่น,RFD_A
15.61977,105.33089,535469,1726905,48P,17/02/2019,1312,S,1,NASA,สงยาง,ศรีเมืองใหม่,อุบลราชธานี,ป่าดงภูโหล่น,RFD_B
15.63407,104.08412,401829,1728670,48P,17/02/2019,1312,S,1,NASA,โคกสว่าง,พนมไพร,ร้อยเอ็ด,ป่าเป็ดก่า,RFD_A
15.67152,105.40414,543310,1732643,48P,17/02/2019,1312,S,1,NASA,สำโรง,โพธิ์ไทร,อุบลราชธานี,ป่าดงภูโหล่น,RFD_A
16.30688,104.59282,456502,1802925,48Q,17/02/2019,1312,S,1,NASA,นิคมคำสร้อย,นิคมคำสร้อย,มุกดาหาร,ป่าดงบังอี่แปลงที่สาม,RFD_B
16.47356,103.75754,367376,1821727,48Q,17/02/2019,1312,S,1,NASA,สะอาดไชยศรี,ดอนจาน,กาฬสินธุ์,ป่าดงแม่เผด,RFD_B
16.50905,104.18715,413253,1825420,48Q,17/02/2019,1312,S,1,NASA,กุดหว้า,กุฉินารายณ์,กาฬสินธุ์,ป่าดงด่านแย้,RFD_A
16.51732,104.19685,414292,1826331,48Q,17/02/2019,1312,S,1,NASA,กุดหว้า,กุฉินารายณ์,กาฬสินธุ์,ป่าดงด่านแย้,RFD_A
16.68365,104.35726,431470,1844670,48Q,17/02/2019,1312,S,1,NASA,บ้านค้อ,คำชะอี,มุกดาหาร,ป่าดงภูสีฐาน,RFD_A
19.807,99.33189,534760,2190158,47Q,17/02/2019,1318,S,1,NASA,แม่คะ,ฝาง,เชียงใหม่,ป่าลุ่มน้ำแม่ฝาง,RFD_A
19.80789,99.33683,535277,2190258,47Q,17/02/2019,1318,S,1,NASA,แม่คะ,ฝาง,เชียงใหม่,ป่าลุ่มน้ำแม่ฝาง,RFD_A
19.81448,99.33013,534574,2190986,47Q,17/02/2019,1318,S,1,NASA,แม่คะ,ฝาง,เชียงใหม่,ป่าลุ่มน้ำแม่ฝาง,RFD_B
19.81823,99.32931,534487,2191400,47Q,17/02/2019,1318,S,1,NASA,แม่คะ,ฝาง,เชียงใหม่,ป่าลุ่มน้ำแม่ฝาง,RFD_B
19.95058,99.35419,537062,2206052,47Q,17/02/2019,1318,S,1,NASA,แม่นาวาง,แม่อาย,เชียงใหม่,ป่าลุ่มน้ำแม่ฝาง,RFD_B
19.95814,99.35293,536928,2206888,47Q,17/02/2019,1318,S,1,NASA,แม่นาวาง,แม่อาย,เชียงใหม่,ป่าลุ่มน้ำแม่ฝาง,RFD_B
19.95989,99.36282,537963,2207084,47Q,17/02/2019,1318,S,1,NASA,แม่นาวาง,แม่อาย,เชียงใหม่,ป่าลุ่มน้ำแม่ฝาง,RFD_B
19.96193,99.35239,536871,2207307,47Q,17/02/2019,1318,S,1,NASA,แม่นาวาง,แม่อาย,เชียงใหม่,ป่าลุ่มน้ำแม่ฝาง,RFD_A 
